<ImportExportXml xmlns:xsi="http://www.w3.org/2001/XMLSchema-instance">
  <Entities></Entities>
  <Roles></Roles>
  <Workflows></Workflows>
  <FieldSecurityProfiles></FieldSecurityProfiles>
  <Templates />
  <EntityMaps />
  <EntityRelationships />
  <OrganizationSettings />
  <optionsets />
  <CustomControls />
  <EntityDataProviders />
  <CanvasApps>
    <CanvasApp>
      <Name>ms_healthplanselector_f5e1f</Name>
      <AppVersion>2022-03-04T15:01:54Z</AppVersion>
      <Status>Ready</Status>
      <CreatedByClientVersion>3.22021.27.0</CreatedByClientVersion>
      <MinClientVersion>3.22021.27.0</MinClientVersion>
      <Tags>{"primaryDeviceWidth":"640","primaryDeviceHeight":"1136","sienaVersion":"20220304T150154Z-3.22021.27.0","deviceCapabilities":"","supportsPortrait":"true","supportsLandscape":"false","primaryFormFactor":"Phone","publisherVersion":"3.22021.27","minimumRequiredApiVersion":"2.2.0","hasComponent":"false","hasUnlockedComponent":"false","isUnifiedRootApp":"false"}</Tags>
      <IsCdsUpgraded>0</IsCdsUpgraded>
      <GalleryItemId xsi:nil="true"></GalleryItemId>
      <BackgroundColor>RGBA(0,176,240,1)</BackgroundColor>
      <DisplayName>Health Plan Selector</DisplayName>
      <Description xsi:nil="true"></Description>
      <CommitMessage xsi:nil="true"></CommitMessage>
      <Publisher xsi:nil="true"></Publisher>
      <AuthorizationReferences>[]</AuthorizationReferences>
      <ConnectionReferences>{"7d3e3106-2be3-4e6f-8de1-f9fb62f5d4a5":{"id":"/providers/microsoft.powerapps/apis/shared_excel","displayName":"Excel","iconUri":"https://connectoricons-prod.azureedge.net/releases/v1.0.1542/1.0.1542.2635/excel/icon.png","dataSources":["Questions","Options","Responses","Recommendations","WelcomeNote"],"dependencies":["1af47bc7-b08c-4227-8cd0-4913a98201bf"],"dependents":[],"parameterHints":{"1af47bc7-b08c-4227-8cd0-4913a98201bf":{"value":"fileSource"}},"parameterHintsV2":{"fileSource":{"value":"1af47bc7-b08c-4227-8cd0-4913a98201bf"}},"isOnPremiseConnection":false,"dataSets":{"b!vLYjHDZzlEiDLqi7kgwoACAmsWP-Ah1GvOqItSX0VuEhj1ang-lGTIECMr5CeKm8.01TXO5JQQZA7WRY7FSTZCK5WP5FNXODTG3":{"dataSources":{"Questions":{"tableName":"Questions"},"Options":{"tableName":"Options"},"Responses":{"tableName":"Responses"},"Recommendations":{"tableName":"Recommendations"},"WelcomeNote":{"tableName":"WelcomeNote"}}}},"apiTier":"Standard","actions":["providers/PowerPlatform.Governance/Operations/Read"]},"1af47bc7-b08c-4227-8cd0-4913a98201bf":{"id":"/providers/microsoft.powerapps/apis/shared_onedriveforbusiness","displayName":"OneDrive for Business","iconUri":"https://connectoricons-prod.azureedge.net/releases/v1.0.1546/1.0.1546.2665/onedriveforbusiness/icon.png","dataSources":[],"dependencies":[],"dependents":["7d3e3106-2be3-4e6f-8de1-f9fb62f5d4a5"],"parameterHints":{},"parameterHintsV2":{},"isOnPremiseConnection":false,"dataSets":{},"apiTier":"Standard"}}</ConnectionReferences>
      <DatabaseReferences>{}</DatabaseReferences>
      <AppComponents>[]</AppComponents>
      <AppComponentDependencies>[]</AppComponentDependencies>
      <CanConsumeAppPass>1</CanConsumeAppPass>
      <CanvasAppType>0</CanvasAppType>
      <BypassConsent>0</BypassConsent>
      <AdminControlBypassConsent>0</AdminControlBypassConsent>
      <EmbeddedApp xsi:nil="true"></EmbeddedApp>
      <IntroducedVersion>1.0</IntroducedVersion>
      <CdsDependencies>{"cdsdependencies":[]}</CdsDependencies>
      <IsCustomizable>1</IsCustomizable>
      <BackgroundImageUri>/CanvasApps/ms_healthplanselector_f5e1f_BackgroundImageUri</BackgroundImageUri>
      <DocumentUri>/CanvasApps/ms_healthplanselector_f5e1f_DocumentUri.msapp</DocumentUri>
    </CanvasApp>
    <CanvasApp>
      <Name>ms_todolist_e5640</Name>
      <AppVersion>2022-03-04T15:00:26Z</AppVersion>
      <Status>Ready</Status>
      <CreatedByClientVersion>3.22021.27.0</CreatedByClientVersion>
      <MinClientVersion>3.22021.27.0</MinClientVersion>
      <Tags>{"primaryDeviceWidth":"640","primaryDeviceHeight":"1136","sienaVersion":"20220304T150026Z-3.22021.27.0","deviceCapabilities":"","supportsPortrait":"true","supportsLandscape":"false","primaryFormFactor":"Phone","publisherVersion":"3.22021.27","minimumRequiredApiVersion":"2.2.0","hasComponent":"false","hasUnlockedComponent":"false","isUnifiedRootApp":"false"}</Tags>
      <IsCdsUpgraded>0</IsCdsUpgraded>
      <GalleryItemId xsi:nil="true"></GalleryItemId>
      <BackgroundColor>RGBA(0,176,240,1)</BackgroundColor>
      <DisplayName>To Do List</DisplayName>
      <Description>To extend this app yourself visit https://web.powerapps.com. Stay organized and on top of things with easy-to-create task lists, grocery lists, and more. Save time and keep focused with a simple, handy list in your hand. This app will connect to your Wunderlist account.</Description>
      <CommitMessage xsi:nil="true"></CommitMessage>
      <Publisher xsi:nil="true"></Publisher>
      <AuthorizationReferences>[]</AuthorizationReferences>
      <ConnectionReferences>{"baf15527-404b-3475-68ca-4cba62548323":{"id":"/providers/microsoft.powerapps/apis/shared_wunderlist","displayName":"Wunderlist","iconUri":"https://connectoricons-prod.azureedge.net/releases/v1.0.1407/1.0.1407.2182/wunderlist/icon.png","dataSources":["Wunderlist"],"dependencies":[],"dependents":[],"parameterHints":{},"parameterHintsV2":{},"isOnPremiseConnection":false,"dataSets":{},"apiTier":"Standard","actions":["RetrieveLists","ListTasks","CreateTask","DeleteList","UpdateTask","GetTask","CreateList","ListComments","CreateComment","UpdateList","ListSubTasks","UpdateSubTask","CreateSubTask","ListNotes","UpdateNote","CreateNote","GetList","DeleteTask"]}}</ConnectionReferences>
      <DatabaseReferences>{}</DatabaseReferences>
      <AppComponents>[]</AppComponents>
      <AppComponentDependencies>[]</AppComponentDependencies>
      <CanConsumeAppPass>1</CanConsumeAppPass>
      <CanvasAppType>0</CanvasAppType>
      <BypassConsent>0</BypassConsent>
      <AdminControlBypassConsent>0</AdminControlBypassConsent>
      <EmbeddedApp xsi:nil="true"></EmbeddedApp>
      <IntroducedVersion>1.0</IntroducedVersion>
      <CdsDependencies>{"cdsdependencies":[]}</CdsDependencies>
      <IsCustomizable>1</IsCustomizable>
      <BackgroundImageUri>/CanvasApps/ms_todolist_e5640_BackgroundImageUri</BackgroundImageUri>
      <DocumentUri>/CanvasApps/ms_todolist_e5640_DocumentUri.msapp</DocumentUri>
    </CanvasApp>
    <CanvasApp>
      <Name>ms_siteinspection_6c771</Name>
      <AppVersion>2022-03-04T14:30:16Z</AppVersion>
      <Status>Ready</Status>
      <CreatedByClientVersion>3.22021.27.0</CreatedByClientVersion>
      <MinClientVersion>3.22021.27.0</MinClientVersion>
      <Tags>{"primaryDeviceWidth":"1024","primaryDeviceHeight":"768","sienaVersion":"20220304T143016Z-3.22021.27.0","deviceCapabilities":"webcam,location","supportsPortrait":"false","supportsLandscape":"true","primaryFormFactor":"Tablet","publisherVersion":"3.22021.27","minimumRequiredApiVersion":"2.2.0","hasComponent":"false","hasUnlockedComponent":"false","isUnifiedRootApp":"false"}</Tags>
      <IsCdsUpgraded>0</IsCdsUpgraded>
      <GalleryItemId xsi:nil="true"></GalleryItemId>
      <BackgroundColor>RGBA(0,176,240,1)</BackgroundColor>
      <DisplayName>Site Inspection</DisplayName>
      <Description xsi:nil="true"></Description>
      <CommitMessage xsi:nil="true"></CommitMessage>
      <Publisher xsi:nil="true"></Publisher>
      <AuthorizationReferences>[]</AuthorizationReferences>
      <ConnectionReferences>{"d4e056c2-86e1-414d-96e7-44b8021e4ac2":{"id":"/providers/microsoft.powerapps/apis/shared_excel","displayName":"Excel","iconUri":"https://connectoricons-prod.azureedge.net/releases/v1.0.1542/1.0.1542.2635/excel/icon.png","dataSources":["SiteInspector","SitePhotos"],"dependencies":["c35d1b17-4599-43de-8ce5-4e3617bde7f8"],"dependents":[],"parameterHints":{"c35d1b17-4599-43de-8ce5-4e3617bde7f8":{"value":"fileSource"}},"parameterHintsV2":{"fileSource":{"value":"c35d1b17-4599-43de-8ce5-4e3617bde7f8"}},"isOnPremiseConnection":false,"dataSets":{"b!vLYjHDZzlEiDLqi7kgwoACAmsWP-Ah1GvOqItSX0VuEhj1ang-lGTIECMr5CeKm8.01TXO5JQSELUHJF4UNQVAKDMXOJPLCETE7":{"dataSources":{"SiteInspector":{"tableName":"SiteInspector"},"SitePhotos":{"tableName":"SitePhotos"}}}},"apiTier":"Standard","actions":["providers/PowerPlatform.Governance/Operations/Read","providers/PowerPlatform.Governance/Operations/Write","providers/PowerPlatform.Governance/Operations/Delete"]},"c35d1b17-4599-43de-8ce5-4e3617bde7f8":{"id":"/providers/microsoft.powerapps/apis/shared_onedriveforbusiness","displayName":"OneDrive for Business","iconUri":"https://connectoricons-prod.azureedge.net/releases/v1.0.1546/1.0.1546.2665/onedriveforbusiness/icon.png","dataSources":[],"dependencies":[],"dependents":["d4e056c2-86e1-414d-96e7-44b8021e4ac2"],"parameterHints":{},"parameterHintsV2":{},"isOnPremiseConnection":false,"dataSets":{},"apiTier":"Standard"}}</ConnectionReferences>
      <DatabaseReferences>{}</DatabaseReferences>
      <AppComponents>[]</AppComponents>
      <AppComponentDependencies>[]</AppComponentDependencies>
      <CanConsumeAppPass>1</CanConsumeAppPass>
      <CanvasAppType>0</CanvasAppType>
      <BypassConsent>0</BypassConsent>
      <AdminControlBypassConsent>0</AdminControlBypassConsent>
      <EmbeddedApp xsi:nil="true"></EmbeddedApp>
      <IntroducedVersion>1.0</IntroducedVersion>
      <CdsDependencies>{"cdsdependencies":[]}</CdsDependencies>
      <IsCustomizable>1</IsCustomizable>
      <BackgroundImageUri>/CanvasApps/ms_siteinspection_6c771_BackgroundImageUri</BackgroundImageUri>
      <DocumentUri>/CanvasApps/ms_siteinspection_6c771_DocumentUri.msapp</DocumentUri>
    </CanvasApp>
    <CanvasApp>
      <Name>ms_powerappstraining_96109</Name>
      <AppVersion>2022-03-04T14:20:41Z</AppVersion>
      <Status>Ready</Status>
      <CreatedByClientVersion>3.22021.27.0</CreatedByClientVersion>
      <MinClientVersion>3.22021.27.0</MinClientVersion>
      <Tags>{"primaryDeviceWidth":"1366","primaryDeviceHeight":"768","sienaVersion":"20220304T142041Z-3.22021.27.0","deviceCapabilities":"webcam","supportsPortrait":"false","supportsLandscape":"true","primaryFormFactor":"Tablet","publisherVersion":"3.22021.27","minimumRequiredApiVersion":"2.2.0","hasComponent":"false","hasUnlockedComponent":"false","isUnifiedRootApp":"false"}</Tags>
      <IsCdsUpgraded>0</IsCdsUpgraded>
      <GalleryItemId xsi:nil="true"></GalleryItemId>
      <BackgroundColor>rgba(129, 42, 141, 1)</BackgroundColor>
      <DisplayName>PowerAppsTraining</DisplayName>
      <Description>This is a training app that teaches you the basics of building your own PowerApps, with 20+ exercises to complete. Each one takes just a few minutes and is hands on - you will be modifying this app to show you how to build your own apps!</Description>
      <CommitMessage xsi:nil="true"></CommitMessage>
      <Publisher xsi:nil="true"></Publisher>
      <AuthorizationReferences>[]</AuthorizationReferences>
      <ConnectionReferences>{"b6698517-8760-4b8a-8243-916d52113117":{"id":"/providers/microsoft.powerapps/apis/shared_excel","displayName":"Excel","iconUri":"https://connectoricons-prod.azureedge.net/releases/v1.0.1542/1.0.1542.2635/excel/icon.png","dataSources":["Contacts","Accounts"],"dependencies":["8bf213e5-1456-4b37-8200-db7acf958fc5"],"dependents":[],"parameterHints":{"8bf213e5-1456-4b37-8200-db7acf958fc5":{"value":"fileSource"}},"parameterHintsV2":{"fileSource":{"value":"8bf213e5-1456-4b37-8200-db7acf958fc5"}},"isOnPremiseConnection":false,"dataSets":{"b!vLYjHDZzlEiDLqi7kgwoACAmsWP-Ah1GvOqItSX0VuEhj1ang-lGTIECMr5CeKm8.01TXO5JQT5NC2FFKJETZBKXDOHKSYY25LX":{"dataSources":{"Contacts":{"tableName":"Contacts"},"Accounts":{"tableName":"Accounts"}}}},"apiTier":"Standard","actions":["providers/PowerPlatform.Governance/Operations/Read"]},"8bf213e5-1456-4b37-8200-db7acf958fc5":{"id":"/providers/microsoft.powerapps/apis/shared_onedriveforbusiness","displayName":"OneDrive for Business","iconUri":"https://connectoricons-prod.azureedge.net/releases/v1.0.1546/1.0.1546.2665/onedriveforbusiness/icon.png","dataSources":[],"dependencies":[],"dependents":["b6698517-8760-4b8a-8243-916d52113117"],"parameterHints":{},"parameterHintsV2":{},"isOnPremiseConnection":false,"dataSets":{},"apiTier":"Standard"}}</ConnectionReferences>
      <DatabaseReferences>{}</DatabaseReferences>
      <AppComponents>[]</AppComponents>
      <AppComponentDependencies>[]</AppComponentDependencies>
      <CanConsumeAppPass>1</CanConsumeAppPass>
      <CanvasAppType>0</CanvasAppType>
      <BypassConsent>0</BypassConsent>
      <AdminControlBypassConsent>0</AdminControlBypassConsent>
      <EmbeddedApp xsi:nil="true"></EmbeddedApp>
      <IntroducedVersion>1.0</IntroducedVersion>
      <CdsDependencies>{"cdsdependencies":[]}</CdsDependencies>
      <IsCustomizable>1</IsCustomizable>
      <BackgroundImageUri>/CanvasApps/ms_powerappstraining_96109_BackgroundImageUri</BackgroundImageUri>
      <DocumentUri>/CanvasApps/ms_powerappstraining_96109_DocumentUri.msapp</DocumentUri>
    </CanvasApp>
    <CanvasApp>
      <Name>ms_customerlookupwithcustomerinsights_3f349</Name>
      <AppVersion>2022-03-04T14:38:02Z</AppVersion>
      <Status>Ready</Status>
      <CreatedByClientVersion>3.22021.27.0</CreatedByClientVersion>
      <MinClientVersion>3.22021.27.0</MinClientVersion>
      <Tags>{"primaryDeviceWidth":"1366","primaryDeviceHeight":"768","sienaVersion":"20220304T143802Z-3.22021.27.0","deviceCapabilities":"","supportsPortrait":"false","supportsLandscape":"true","primaryFormFactor":"Tablet","publisherVersion":"3.22021.27","minimumRequiredApiVersion":"2.2.0","hasComponent":"false","hasUnlockedComponent":"false","isUnifiedRootApp":"false"}</Tags>
      <IsCdsUpgraded>0</IsCdsUpgraded>
      <GalleryItemId xsi:nil="true"></GalleryItemId>
      <BackgroundColor>rgba(0, 176, 240, 1)</BackgroundColor>
      <DisplayName>Customer lookup with Customer Insights</DisplayName>
      <Description xsi:nil="true"></Description>
      <CommitMessage xsi:nil="true"></CommitMessage>
      <Publisher xsi:nil="true"></Publisher>
      <AuthorizationReferences>[]</AuthorizationReferences>
      <ConnectionReferences>{"a25bbffd-889c-4f37-b4d9-44039b8019f0":{"id":"/providers/microsoft.powerapps/apis/shared_customerinsights","displayName":"Dynamics 365 Customer Insights Connector","iconUri":"https://connectoricons-prod.azureedge.net/releases/v1.0.1542/1.0.1542.2635/customerinsights/icon.png","dataSources":["Customer","Unified Customer Activity"],"dependencies":[],"dependents":[],"parameterHints":{},"parameterHintsV2":{},"isOnPremiseConnection":false,"dataSets":{"prod-wus-01.api.ci.ai.dynamics.com|da36a187-e4d5-44d6-b5e3-ca88614d49ce":{"dataSources":{"Customer":{"tableName":"Customer"},"Unified Customer Activity":{"tableName":"UnifiedActivity"}}}},"apiTier":"Premium","actions":["providers/PowerPlatform.Governance/Operations/Read"]},"6ca980b7-d4e9-4399-b188-469f566b28e4":{"id":"/providers/microsoft.powerapps/apis/shared_office365users","displayName":"Office 365 ユーザー","iconUri":"https://connectoricons-prod.azureedge.net/releases/v1.0.1551/1.0.1551.2693/office365users/icon.png","dataSources":["Office365Users"],"dependencies":[],"dependents":[],"parameterHints":{},"parameterHintsV2":{},"isOnPremiseConnection":false,"dataSets":{},"apiTier":"Standard","actions":["SearchUser","UserPhotoV2"]}}</ConnectionReferences>
      <DatabaseReferences>{}</DatabaseReferences>
      <AppComponents>[]</AppComponents>
      <AppComponentDependencies>[]</AppComponentDependencies>
      <CanConsumeAppPass>1</CanConsumeAppPass>
      <CanvasAppType>0</CanvasAppType>
      <BypassConsent>0</BypassConsent>
      <AdminControlBypassConsent>0</AdminControlBypassConsent>
      <EmbeddedApp xsi:nil="true"></EmbeddedApp>
      <IntroducedVersion>1.0</IntroducedVersion>
      <CdsDependencies>{"cdsdependencies":[]}</CdsDependencies>
      <IsCustomizable>1</IsCustomizable>
      <BackgroundImageUri>/CanvasApps/ms_customerlookupwithcustomerinsights_3f349_BackgroundImageUri</BackgroundImageUri>
      <DocumentUri>/CanvasApps/ms_customerlookupwithcustomerinsights_3f349_DocumentUri.msapp</DocumentUri>
    </CanvasApp>
    <CanvasApp>
      <Name>ms_customersuccess_b3fd5</Name>
      <AppVersion>2022-03-04T14:38:58Z</AppVersion>
      <Status>Ready</Status>
      <CreatedByClientVersion>3.22021.27.0</CreatedByClientVersion>
      <MinClientVersion>3.22021.27.0</MinClientVersion>
      <Tags>{"primaryDeviceWidth":"1366","primaryDeviceHeight":"768","sienaVersion":"20220304T143858Z-3.22021.27.0","deviceCapabilities":"","supportsPortrait":"false","supportsLandscape":"true","primaryFormFactor":"Tablet","publisherVersion":"3.22021.27","minimumRequiredApiVersion":"2.2.0","hasComponent":"false","hasUnlockedComponent":"false","isUnifiedRootApp":"false"}</Tags>
      <IsCdsUpgraded>0</IsCdsUpgraded>
      <GalleryItemId xsi:nil="true"></GalleryItemId>
      <BackgroundColor>RGBA(0,176,240,1)</BackgroundColor>
      <DisplayName>Customer Success</DisplayName>
      <Description xsi:nil="true"></Description>
      <CommitMessage xsi:nil="true"></CommitMessage>
      <Publisher xsi:nil="true"></Publisher>
      <AuthorizationReferences>[]</AuthorizationReferences>
      <ConnectionReferences>{}</ConnectionReferences>
      <DatabaseReferences>{}</DatabaseReferences>
      <AppComponents>[]</AppComponents>
      <AppComponentDependencies>[]</AppComponentDependencies>
      <CanConsumeAppPass>1</CanConsumeAppPass>
      <CanvasAppType>0</CanvasAppType>
      <BypassConsent>0</BypassConsent>
      <AdminControlBypassConsent>0</AdminControlBypassConsent>
      <EmbeddedApp xsi:nil="true"></EmbeddedApp>
      <IntroducedVersion>1.0</IntroducedVersion>
      <CdsDependencies>{"cdsdependencies":[]}</CdsDependencies>
      <IsCustomizable>1</IsCustomizable>
      <BackgroundImageUri>/CanvasApps/ms_customersuccess_b3fd5_BackgroundImageUri</BackgroundImageUri>
      <DocumentUri>/CanvasApps/ms_customersuccess_b3fd5_DocumentUri.msapp</DocumentUri>
    </CanvasApp>
    <CanvasApp>
      <Name>ms_pdfreader_289b1</Name>
      <AppVersion>2022-03-04T14:40:10Z</AppVersion>
      <Status>Ready</Status>
      <CreatedByClientVersion>3.22021.27.0</CreatedByClientVersion>
      <MinClientVersion>3.22021.27.0</MinClientVersion>
      <Tags>{"primaryDeviceWidth":"1024","primaryDeviceHeight":"768","sienaVersion":"20220304T144010Z-3.22021.27.0","deviceCapabilities":"","supportsPortrait":"false","supportsLandscape":"true","primaryFormFactor":"Tablet","publisherVersion":"3.22021.27","minimumRequiredApiVersion":"2.2.0","hasComponent":"false","hasUnlockedComponent":"false","isUnifiedRootApp":"false"}</Tags>
      <IsCdsUpgraded>0</IsCdsUpgraded>
      <GalleryItemId xsi:nil="true"></GalleryItemId>
      <BackgroundColor>RGBA(0,176,240,1)</BackgroundColor>
      <DisplayName>PDF Reader</DisplayName>
      <Description xsi:nil="true"></Description>
      <CommitMessage xsi:nil="true"></CommitMessage>
      <Publisher xsi:nil="true"></Publisher>
      <AuthorizationReferences>[]</AuthorizationReferences>
      <ConnectionReferences>{"d0878506-2610-4473-910a-17d03de24c9b":{"id":"/providers/microsoft.powerapps/apis/shared_excel","displayName":"Excel","iconUri":"https://connectoricons-prod.azureedge.net/releases/v1.0.1542/1.0.1542.2635/excel/icon.png","dataSources":["PDFData"],"dependencies":["8449ab42-2eff-4ada-9f15-dd31c31530c4"],"dependents":[],"parameterHints":{"8449ab42-2eff-4ada-9f15-dd31c31530c4":{"value":"fileSource"}},"parameterHintsV2":{"fileSource":{"value":"8449ab42-2eff-4ada-9f15-dd31c31530c4"}},"isOnPremiseConnection":false,"dataSets":{"b!vLYjHDZzlEiDLqi7kgwoACAmsWP-Ah1GvOqItSX0VuEhj1ang-lGTIECMr5CeKm8.01TXO5JQVDTFWHMTZ5BRD2WTHXUGDKZM5G":{"dataSources":{"PDFData":{"tableName":"PDFData"}}}},"apiTier":"Standard","actions":["providers/PowerPlatform.Governance/Operations/Read"]},"8449ab42-2eff-4ada-9f15-dd31c31530c4":{"id":"/providers/microsoft.powerapps/apis/shared_onedriveforbusiness","displayName":"OneDrive for Business","iconUri":"https://connectoricons-prod.azureedge.net/releases/v1.0.1546/1.0.1546.2665/onedriveforbusiness/icon.png","dataSources":[],"dependencies":[],"dependents":["d0878506-2610-4473-910a-17d03de24c9b"],"parameterHints":{},"parameterHintsV2":{},"isOnPremiseConnection":false,"dataSets":{},"apiTier":"Standard"}}</ConnectionReferences>
      <DatabaseReferences>{}</DatabaseReferences>
      <AppComponents>[]</AppComponents>
      <AppComponentDependencies>[]</AppComponentDependencies>
      <CanConsumeAppPass>1</CanConsumeAppPass>
      <CanvasAppType>0</CanvasAppType>
      <BypassConsent>0</BypassConsent>
      <AdminControlBypassConsent>0</AdminControlBypassConsent>
      <EmbeddedApp xsi:nil="true"></EmbeddedApp>
      <IntroducedVersion>1.0</IntroducedVersion>
      <CdsDependencies>{"cdsdependencies":[]}</CdsDependencies>
      <IsCustomizable>1</IsCustomizable>
      <BackgroundImageUri>/CanvasApps/ms_pdfreader_289b1_BackgroundImageUri</BackgroundImageUri>
      <DocumentUri>/CanvasApps/ms_pdfreader_289b1_DocumentUri.msapp</DocumentUri>
    </CanvasApp>
    <CanvasApp>
      <Name>ms_assetcheckout_de371</Name>
      <AppVersion>2022-03-04T14:53:55Z</AppVersion>
      <Status>Ready</Status>
      <CreatedByClientVersion>3.22021.27.0</CreatedByClientVersion>
      <MinClientVersion>3.22021.27.0</MinClientVersion>
      <Tags>{"primaryDeviceWidth":"1024","primaryDeviceHeight":"768","sienaVersion":"20220304T145355Z-3.22021.27.0","deviceCapabilities":"","supportsPortrait":"false","supportsLandscape":"true","primaryFormFactor":"Tablet","publisherVersion":"3.22021.27","minimumRequiredApiVersion":"2.2.0","hasComponent":"false","hasUnlockedComponent":"false","isUnifiedRootApp":"false"}</Tags>
      <IsCdsUpgraded>0</IsCdsUpgraded>
      <GalleryItemId xsi:nil="true"></GalleryItemId>
      <BackgroundColor>RGBA(0,176,240,1)</BackgroundColor>
      <DisplayName>Asset Checkout</DisplayName>
      <Description xsi:nil="true"></Description>
      <CommitMessage xsi:nil="true"></CommitMessage>
      <Publisher xsi:nil="true"></Publisher>
      <AuthorizationReferences>[]</AuthorizationReferences>
      <ConnectionReferences>{"09b25518-218e-4a28-82c3-438082798f97":{"id":"/providers/microsoft.powerapps/apis/shared_excel","displayName":"Excel","iconUri":"https://connectoricons-prod.azureedge.net/releases/v1.0.1542/1.0.1542.2635/excel/icon.png","dataSources":["Categories","Products","Reviews","Assets","Filterby"],"dependencies":["60aa5877-7055-4bd7-84fa-367aa0b521c0"],"dependents":[],"parameterHints":{"60aa5877-7055-4bd7-84fa-367aa0b521c0":{"value":"fileSource"}},"parameterHintsV2":{"fileSource":{"value":"60aa5877-7055-4bd7-84fa-367aa0b521c0"}},"isOnPremiseConnection":false,"dataSets":{"b!vLYjHDZzlEiDLqi7kgwoACAmsWP-Ah1GvOqItSX0VuEhj1ang-lGTIECMr5CeKm8.01TXO5JQUKZ5RXB6MIMBAJMRI7BJ52WGIS":{"dataSources":{"Categories":{"tableName":"Categories"},"Products":{"tableName":"Products"},"Reviews":{"tableName":"Reviews"},"Assets":{"tableName":"Assets"},"Filterby":{"tableName":"Filterby"}}}},"apiTier":"Standard","actions":["providers/PowerPlatform.Governance/Operations/Read"]},"60aa5877-7055-4bd7-84fa-367aa0b521c0":{"id":"/providers/microsoft.powerapps/apis/shared_onedriveforbusiness","displayName":"OneDrive for Business","iconUri":"https://connectoricons-prod.azureedge.net/releases/v1.0.1546/1.0.1546.2665/onedriveforbusiness/icon.png","dataSources":[],"dependencies":[],"dependents":["09b25518-218e-4a28-82c3-438082798f97"],"parameterHints":{},"parameterHintsV2":{},"isOnPremiseConnection":false,"dataSets":{},"apiTier":"Standard"}}</ConnectionReferences>
      <DatabaseReferences>{}</DatabaseReferences>
      <AppComponents>[]</AppComponents>
      <AppComponentDependencies>[]</AppComponentDependencies>
      <CanConsumeAppPass>1</CanConsumeAppPass>
      <CanvasAppType>0</CanvasAppType>
      <BypassConsent>0</BypassConsent>
      <AdminControlBypassConsent>0</AdminControlBypassConsent>
      <EmbeddedApp xsi:nil="true"></EmbeddedApp>
      <IntroducedVersion>1.0</IntroducedVersion>
      <CdsDependencies>{"cdsdependencies":[]}</CdsDependencies>
      <IsCustomizable>1</IsCustomizable>
      <BackgroundImageUri>/CanvasApps/ms_assetcheckout_de371_BackgroundImageUri</BackgroundImageUri>
      <DocumentUri>/CanvasApps/ms_assetcheckout_de371_DocumentUri.msapp</DocumentUri>
    </CanvasApp>
    <CanvasApp>
      <Name>ms_servicedesktablet_c7dc5</Name>
      <AppVersion>2022-03-04T14:31:51Z</AppVersion>
      <Status>Ready</Status>
      <CreatedByClientVersion>3.22021.27.0</CreatedByClientVersion>
      <MinClientVersion>3.22021.27.0</MinClientVersion>
      <Tags>{"primaryDeviceWidth":"1024","primaryDeviceHeight":"768","sienaVersion":"20220304T143151Z-3.22021.27.0","deviceCapabilities":"","supportsPortrait":"false","supportsLandscape":"true","primaryFormFactor":"Tablet","publisherVersion":"3.22021.27","minimumRequiredApiVersion":"2.2.0","hasComponent":"false","hasUnlockedComponent":"false","isUnifiedRootApp":"false"}</Tags>
      <IsCdsUpgraded>0</IsCdsUpgraded>
      <GalleryItemId xsi:nil="true"></GalleryItemId>
      <BackgroundColor>rgba(104, 101, 171, 1)</BackgroundColor>
      <DisplayName>Service Desk - Tablet</DisplayName>
      <Description xsi:nil="true"></Description>
      <CommitMessage xsi:nil="true"></CommitMessage>
      <Publisher xsi:nil="true"></Publisher>
      <AuthorizationReferences>[]</AuthorizationReferences>
      <ConnectionReferences>{"0bf0a908-9b67-4663-9abd-5e78bd5b626f":{"id":"/providers/microsoft.powerapps/apis/shared_excel","displayName":"Excel","iconUri":"https://connectoricons-prod.azureedge.net/releases/v1.0.1542/1.0.1542.2635/excel/icon.png","dataSources":["Tickets","TicketTypes","Filterby","CaseStatus","PriorityTypes","Attendants","AccountNameTypes"],"dependencies":["b6840349-cafb-4642-9b20-12028b856b2a"],"dependents":[],"parameterHints":{"b6840349-cafb-4642-9b20-12028b856b2a":{"value":"fileSource"}},"parameterHintsV2":{"fileSource":{"value":"b6840349-cafb-4642-9b20-12028b856b2a"}},"isOnPremiseConnection":false,"dataSets":{"b!vLYjHDZzlEiDLqi7kgwoACAmsWP-Ah1GvOqItSX0VuEhj1ang-lGTIECMr5CeKm8.01TXO5JQUB5SZCEEOJ4NH37G5UXYPSKMOL":{"dataSources":{"Tickets":{"tableName":"Tickets"},"TicketTypes":{"tableName":"TicketTypes"},"Filterby":{"tableName":"Filterby"},"CaseStatus":{"tableName":"CaseStatus"},"PriorityTypes":{"tableName":"PriorityTypes"},"Attendants":{"tableName":"Attendants"},"AccountNameTypes":{"tableName":"AccountNameTypes"}}}},"apiTier":"Standard","actions":["providers/PowerPlatform.Governance/Operations/Read"]},"b6840349-cafb-4642-9b20-12028b856b2a":{"id":"/providers/microsoft.powerapps/apis/shared_onedriveforbusiness","displayName":"OneDrive for Business","iconUri":"https://connectoricons-prod.azureedge.net/releases/v1.0.1546/1.0.1546.2665/onedriveforbusiness/icon.png","dataSources":[],"dependencies":[],"dependents":["0bf0a908-9b67-4663-9abd-5e78bd5b626f"],"parameterHints":{},"parameterHintsV2":{},"isOnPremiseConnection":false,"dataSets":{},"apiTier":"Standard"}}</ConnectionReferences>
      <DatabaseReferences>{}</DatabaseReferences>
      <AppComponents>[]</AppComponents>
      <AppComponentDependencies>[]</AppComponentDependencies>
      <CanConsumeAppPass>1</CanConsumeAppPass>
      <CanvasAppType>0</CanvasAppType>
      <BypassConsent>0</BypassConsent>
      <AdminControlBypassConsent>0</AdminControlBypassConsent>
      <EmbeddedApp xsi:nil="true"></EmbeddedApp>
      <IntroducedVersion>1.0</IntroducedVersion>
      <CdsDependencies>{"cdsdependencies":[]}</CdsDependencies>
      <IsCustomizable>1</IsCustomizable>
      <BackgroundImageUri>/CanvasApps/ms_servicedesktablet_c7dc5_BackgroundImageUri</BackgroundImageUri>
      <DocumentUri>/CanvasApps/ms_servicedesktablet_c7dc5_DocumentUri.msapp</DocumentUri>
    </CanvasApp>
    <CanvasApp>
      <Name>ms_productshowcase_d1afb</Name>
      <AppVersion>2022-03-04T14:45:12Z</AppVersion>
      <Status>Ready</Status>
      <CreatedByClientVersion>3.22021.27.0</CreatedByClientVersion>
      <MinClientVersion>3.22021.27.0</MinClientVersion>
      <Tags>{"primaryDeviceWidth":"1024","primaryDeviceHeight":"768","sienaVersion":"20220304T144512Z-3.22021.27.0","deviceCapabilities":"","supportsPortrait":"false","supportsLandscape":"true","primaryFormFactor":"Tablet","publisherVersion":"3.22021.27","minimumRequiredApiVersion":"2.2.0","hasComponent":"false","hasUnlockedComponent":"false","isUnifiedRootApp":"false"}</Tags>
      <IsCdsUpgraded>0</IsCdsUpgraded>
      <GalleryItemId xsi:nil="true"></GalleryItemId>
      <BackgroundColor>RGBA(0,176,240,1)</BackgroundColor>
      <DisplayName>Product Showcase</DisplayName>
      <Description xsi:nil="true"></Description>
      <CommitMessage xsi:nil="true"></CommitMessage>
      <Publisher xsi:nil="true"></Publisher>
      <AuthorizationReferences>[]</AuthorizationReferences>
      <ConnectionReferences>{"508ca286-4533-47a1-9733-3d75a3e8c50a":{"id":"/providers/microsoft.powerapps/apis/shared_excel","displayName":"Excel","iconUri":"https://connectoricons-prod.azureedge.net/releases/v1.0.1542/1.0.1542.2635/excel/icon.png","dataSources":["Product","Feature","Compare","CompareProduct","TechnicalSpecification","FAQ_1","Video_1"],"dependencies":["d4286fa0-a8c4-4505-bce7-6f047cf9d131"],"dependents":[],"parameterHints":{"d4286fa0-a8c4-4505-bce7-6f047cf9d131":{"value":"fileSource"}},"parameterHintsV2":{"fileSource":{"value":"d4286fa0-a8c4-4505-bce7-6f047cf9d131"}},"isOnPremiseConnection":false,"bypassConsent":false,"dataSets":{"b!vLYjHDZzlEiDLqi7kgwoACAmsWP-Ah1GvOqItSX0VuEhj1ang-lGTIECMr5CeKm8.01TXO5JQW2NGQTNRPKSNB3UKTTAD7JPNMR":{"dataSources":{"Product":{"tableName":"Product"},"Feature":{"tableName":"Feature"},"Compare":{"tableName":"Compare"},"CompareProduct":{"tableName":"CompareProduct"},"TechnicalSpecification":{"tableName":"TechnicalSpecification"},"FAQ_1":{"tableName":"FAQ"},"Video_1":{"tableName":"Video"}}}},"apiTier":"Standard","actions":["providers/PowerPlatform.Governance/Operations/Read"]},"d4286fa0-a8c4-4505-bce7-6f047cf9d131":{"id":"/providers/microsoft.powerapps/apis/shared_onedriveforbusiness","displayName":"OneDrive for Business","iconUri":"https://connectoricons-prod.azureedge.net/releases/v1.0.1546/1.0.1546.2665/onedriveforbusiness/icon.png","dataSources":[],"dependencies":[],"dependents":["508ca286-4533-47a1-9733-3d75a3e8c50a"],"parameterHints":{},"parameterHintsV2":{},"isOnPremiseConnection":false,"bypassConsent":false,"dataSets":{},"apiTier":"Standard"}}</ConnectionReferences>
      <DatabaseReferences>{}</DatabaseReferences>
      <AppComponents>[]</AppComponents>
      <AppComponentDependencies>[]</AppComponentDependencies>
      <CanConsumeAppPass>1</CanConsumeAppPass>
      <CanvasAppType>0</CanvasAppType>
      <BypassConsent>0</BypassConsent>
      <AdminControlBypassConsent>0</AdminControlBypassConsent>
      <EmbeddedApp xsi:nil="true"></EmbeddedApp>
      <IntroducedVersion>1.0</IntroducedVersion>
      <CdsDependencies>{"cdsdependencies":[]}</CdsDependencies>
      <IsCustomizable>1</IsCustomizable>
      <BackgroundImageUri>/CanvasApps/ms_productshowcase_d1afb_BackgroundImageUri</BackgroundImageUri>
      <DocumentUri>/CanvasApps/ms_productshowcase_d1afb_DocumentUri.msapp</DocumentUri>
    </CanvasApp>
    <CanvasApp>
      <Name>ms_contacts_c23c0</Name>
      <AppVersion>2022-03-04T14:43:13Z</AppVersion>
      <Status>Ready</Status>
      <CreatedByClientVersion>3.22021.27.0</CreatedByClientVersion>
      <MinClientVersion>3.22021.27.0</MinClientVersion>
      <Tags>{"primaryDeviceWidth":"640","primaryDeviceHeight":"1136","sienaVersion":"20220304T144313Z-3.22021.27.0","deviceCapabilities":"","supportsPortrait":"true","supportsLandscape":"false","primaryFormFactor":"Phone","publisherVersion":"3.22021.27","minimumRequiredApiVersion":"2.2.0","hasComponent":"false","hasUnlockedComponent":"false","isUnifiedRootApp":"false"}</Tags>
      <IsCdsUpgraded>0</IsCdsUpgraded>
      <GalleryItemId xsi:nil="true"></GalleryItemId>
      <BackgroundColor>rgba(253, 193, 2, 1)</BackgroundColor>
      <DisplayName>Contacts</DisplayName>
      <Description>To extend this app yourself visit https://web.powerapps.com. Create, store, manage, and access contact information from an easy, central resource—customize each entry with images, multiple contact methods, and more. This app will connect to your Office 365 account.</Description>
      <CommitMessage xsi:nil="true"></CommitMessage>
      <Publisher xsi:nil="true"></Publisher>
      <AuthorizationReferences>[]</AuthorizationReferences>
      <ConnectionReferences>{"16530a5e-ff8e-4d73-aba2-273d57a49c7f":{"id":"/providers/microsoft.powerapps/apis/shared_office365","displayName":"Office 365 Outlook","iconUri":"https://connectoricons-prod.azureedge.net/releases/v1.0.1538/1.0.1538.2621/office365/icon.png","dataSources":["Office365"],"dependencies":[],"dependents":[],"parameterHints":{},"parameterHintsV2":{},"isOnPremiseConnection":false,"dataSets":{},"apiTier":"Standard","actions":["ContactGetTables","ContactGetItems","ContactDeleteItem","ContactPatchItem","ContactPostItem"]}}</ConnectionReferences>
      <DatabaseReferences>{}</DatabaseReferences>
      <AppComponents>[]</AppComponents>
      <AppComponentDependencies>[]</AppComponentDependencies>
      <CanConsumeAppPass>1</CanConsumeAppPass>
      <CanvasAppType>0</CanvasAppType>
      <BypassConsent>0</BypassConsent>
      <AdminControlBypassConsent>0</AdminControlBypassConsent>
      <EmbeddedApp xsi:nil="true"></EmbeddedApp>
      <IntroducedVersion>1.0</IntroducedVersion>
      <CdsDependencies>{"cdsdependencies":[]}</CdsDependencies>
      <IsCustomizable>1</IsCustomizable>
      <BackgroundImageUri>/CanvasApps/ms_contacts_c23c0_BackgroundImageUri</BackgroundImageUri>
      <DocumentUri>/CanvasApps/ms_contacts_c23c0_DocumentUri.msapp</DocumentUri>
    </CanvasApp>
    <CanvasApp>
      <Name>ms_propertymanagement_69985</Name>
      <AppVersion>2022-03-04T14:54:39Z</AppVersion>
      <Status>Ready</Status>
      <CreatedByClientVersion>3.22021.27.0</CreatedByClientVersion>
      <MinClientVersion>3.22021.27.0</MinClientVersion>
      <Tags>{"primaryDeviceWidth":"1024","primaryDeviceHeight":"768","sienaVersion":"20220304T145439Z-3.22021.27.0","deviceCapabilities":"","supportsPortrait":"false","supportsLandscape":"true","primaryFormFactor":"Tablet","publisherVersion":"3.22021.27","minimumRequiredApiVersion":"2.2.0","hasComponent":"false","hasUnlockedComponent":"false","isUnifiedRootApp":"false"}</Tags>
      <IsCdsUpgraded>0</IsCdsUpgraded>
      <GalleryItemId xsi:nil="true"></GalleryItemId>
      <BackgroundColor>RGBA(0,176,240,1)</BackgroundColor>
      <DisplayName>Property Management</DisplayName>
      <Description xsi:nil="true"></Description>
      <CommitMessage xsi:nil="true"></CommitMessage>
      <Publisher xsi:nil="true"></Publisher>
      <AuthorizationReferences>[]</AuthorizationReferences>
      <ConnectionReferences>{}</ConnectionReferences>
      <DatabaseReferences>{}</DatabaseReferences>
      <AppComponents>[]</AppComponents>
      <AppComponentDependencies>[]</AppComponentDependencies>
      <CanConsumeAppPass>1</CanConsumeAppPass>
      <CanvasAppType>0</CanvasAppType>
      <BypassConsent>0</BypassConsent>
      <AdminControlBypassConsent>0</AdminControlBypassConsent>
      <EmbeddedApp xsi:nil="true"></EmbeddedApp>
      <IntroducedVersion>1.0</IntroducedVersion>
      <CdsDependencies>{"cdsdependencies":[]}</CdsDependencies>
      <IsCustomizable>1</IsCustomizable>
      <BackgroundImageUri>/CanvasApps/ms_propertymanagement_69985_BackgroundImageUri</BackgroundImageUri>
      <DocumentUri>/CanvasApps/ms_propertymanagement_69985_DocumentUri.msapp</DocumentUri>
    </CanvasApp>
    <CanvasApp>
      <Name>ms_bookaroom_50b58</Name>
      <AppVersion>2022-03-04T14:36:04Z</AppVersion>
      <Status>Ready</Status>
      <CreatedByClientVersion>3.22021.27.0</CreatedByClientVersion>
      <MinClientVersion>3.22021.27.0</MinClientVersion>
      <Tags>{"primaryDeviceWidth":"1366","primaryDeviceHeight":"768","sienaVersion":"20220304T143604Z-3.22021.27.0","deviceCapabilities":"","supportsPortrait":"false","supportsLandscape":"true","primaryFormFactor":"Tablet","publisherVersion":"3.22021.27","minimumRequiredApiVersion":"2.2.0","hasComponent":"false","hasUnlockedComponent":"false","isUnifiedRootApp":"false"}</Tags>
      <IsCdsUpgraded>0</IsCdsUpgraded>
      <GalleryItemId xsi:nil="true"></GalleryItemId>
      <BackgroundColor>rgba(18, 107, 240, 1)</BackgroundColor>
      <DisplayName>Book A Room</DisplayName>
      <Description>Quickly find work spaces for meetings—filter by date, time, and location until you find the perfect spot. Reserve with the tap of a button</Description>
      <CommitMessage xsi:nil="true"></CommitMessage>
      <Publisher xsi:nil="true"></Publisher>
      <AuthorizationReferences>[]</AuthorizationReferences>
      <ConnectionReferences>{"177c5454-dfbb-4a45-b731-44a44718f323":{"id":"/providers/microsoft.powerapps/apis/shared_office365","displayName":"Office 365 Outlook","iconUri":"https://connectoricons-prod.azureedge.net/releases/v1.0.1538/1.0.1538.2621/office365/icon.png","dataSources":["Office365"],"dependencies":[],"dependents":[],"parameterHints":{},"parameterHintsV2":{},"isOnPremiseConnection":false,"dataSets":{},"apiTier":"Standard","actions":["GetRoomLists","GetRooms","CalendarGetTables","GetEventsCalendarViewV2","FindMeetingTimes","GetRoomsInRoomList","V2CalendarPostItem","V2CalendarPatchItem"]},"c2cc55f3-9620-47e5-a551-6fd0e9ba33bb":{"id":"/providers/microsoft.powerapps/apis/shared_office365users","displayName":"Office 365 ユーザー","iconUri":"https://connectoricons-prod.azureedge.net/releases/v1.0.1551/1.0.1551.2693/office365users/icon.png","dataSources":["Office365Users"],"dependencies":[],"dependents":[],"parameterHints":{},"parameterHintsV2":{},"isOnPremiseConnection":false,"dataSets":{},"apiTier":"Standard","actions":["MyProfile"]}}</ConnectionReferences>
      <DatabaseReferences>{}</DatabaseReferences>
      <AppComponents>[]</AppComponents>
      <AppComponentDependencies>[]</AppComponentDependencies>
      <CanConsumeAppPass>1</CanConsumeAppPass>
      <CanvasAppType>0</CanvasAppType>
      <BypassConsent>0</BypassConsent>
      <AdminControlBypassConsent>0</AdminControlBypassConsent>
      <EmbeddedApp xsi:nil="true"></EmbeddedApp>
      <IntroducedVersion>1.0</IntroducedVersion>
      <CdsDependencies>{"cdsdependencies":[]}</CdsDependencies>
      <IsCustomizable>1</IsCustomizable>
      <BackgroundImageUri>/CanvasApps/ms_bookaroom_50b58_BackgroundImageUri</BackgroundImageUri>
      <DocumentUri>/CanvasApps/ms_bookaroom_50b58_DocumentUri.msapp</DocumentUri>
    </CanvasApp>
    <CanvasApp>
      <Name>ms_meetingcapture_cc138</Name>
      <AppVersion>2022-03-04T14:14:05Z</AppVersion>
      <Status>Ready</Status>
      <CreatedByClientVersion>3.22021.27.0</CreatedByClientVersion>
      <MinClientVersion>3.22021.27.0</MinClientVersion>
      <Tags>{"primaryDeviceWidth":"1366","primaryDeviceHeight":"768","sienaVersion":"20220304T141405Z-3.22021.27.0","deviceCapabilities":"webcam","supportsPortrait":"false","supportsLandscape":"true","primaryFormFactor":"Tablet","publisherVersion":"3.22021.27","minimumRequiredApiVersion":"2.2.0","hasComponent":"false","hasUnlockedComponent":"false","isUnifiedRootApp":"false"}</Tags>
      <IsCdsUpgraded>0</IsCdsUpgraded>
      <GalleryItemId xsi:nil="true"></GalleryItemId>
      <BackgroundColor>rgba(236, 41, 84, 1)</BackgroundColor>
      <DisplayName>Meeting Capture</DisplayName>
      <Description>An all-in-one meeting capture tool. View meeting details, capture notes and pictures of whiteboards, assign tasks and send to all meeting attendees in one click.</Description>
      <CommitMessage xsi:nil="true"></CommitMessage>
      <Publisher xsi:nil="true"></Publisher>
      <AuthorizationReferences>[]</AuthorizationReferences>
      <ConnectionReferences>{"6b2de656-facb-41aa-b502-bb84e6da4768":{"id":"/providers/microsoft.powerapps/apis/shared_office365users","displayName":"Office 365 ユーザー","iconUri":"https://connectoricons-prod.azureedge.net/releases/v1.0.1551/1.0.1551.2693/office365users/icon.png","dataSources":["Office365Users"],"dependencies":[],"dependents":[],"parameterHints":{},"parameterHintsV2":{},"isOnPremiseConnection":false,"dataSets":{},"apiTier":"Standard","actions":["MyProfile","SearchUser","UserPhotoMetadata","UserPhoto","UserProfileV2"]},"0709996f-842f-4d9b-9d21-618afede1a91":{"id":"/providers/microsoft.powerapps/apis/shared_onenote","displayName":"OneNote (Business)","iconUri":"https://connectoricons-prod.azureedge.net/releases/v1.0.1554/1.0.1554.2707/onenote/icon.png","dataSources":["OneNote(Business)"],"dependencies":[],"dependents":[],"parameterHints":{},"parameterHintsV2":{},"isOnPremiseConnection":false,"dataSets":{},"apiTier":"Standard","actions":["CreatePageInSection","GetNotebooks","GetSectionsInNotebook"]},"5867dfa2-c11f-4590-8528-e575cc1e8f82":{"id":"/providers/microsoft.powerapps/apis/shared_planner","displayName":"Planner","iconUri":"https://connectoricons-prod.azureedge.net/releases/v1.0.1513/1.0.1513.2549/planner/icon.png","dataSources":["Planner"],"dependencies":[],"dependents":[],"parameterHints":{},"parameterHintsV2":{},"isOnPremiseConnection":false,"dataSets":{},"apiTier":"Standard","actions":["CreateTask","ListMyPlans","ListBuckets"]},"b84d29d0-5308-4b11-89e9-65a038c53cff":{"id":"/providers/microsoft.powerapps/apis/shared_office365","displayName":"Office 365 Outlook","iconUri":"https://connectoricons-prod.azureedge.net/releases/v1.0.1538/1.0.1538.2621/office365/icon.png","dataSources":["Office365Outlook"],"dependencies":[],"dependents":[],"parameterHints":{},"parameterHintsV2":{},"isOnPremiseConnection":false,"dataSets":{},"apiTier":"Standard","actions":["CalendarGetTables","GetEventsCalendarView","SendEmail","V4CalendarPostItem","FindMeetingTimes"]}}</ConnectionReferences>
      <DatabaseReferences>{}</DatabaseReferences>
      <AppComponents>[]</AppComponents>
      <AppComponentDependencies>[]</AppComponentDependencies>
      <CanConsumeAppPass>1</CanConsumeAppPass>
      <CanvasAppType>0</CanvasAppType>
      <BypassConsent>0</BypassConsent>
      <AdminControlBypassConsent>0</AdminControlBypassConsent>
      <EmbeddedApp xsi:nil="true"></EmbeddedApp>
      <IntroducedVersion>1.0</IntroducedVersion>
      <CdsDependencies>{"cdsdependencies":[]}</CdsDependencies>
      <IsCustomizable>1</IsCustomizable>
      <BackgroundImageUri>/CanvasApps/ms_meetingcapture_cc138_BackgroundImageUri</BackgroundImageUri>
      <DocumentUri>/CanvasApps/ms_meetingcapture_cc138_DocumentUri.msapp</DocumentUri>
    </CanvasApp>
    <CanvasApp>
      <Name>ms_estimatorpro_23159</Name>
      <AppVersion>2022-03-04T14:48:22Z</AppVersion>
      <Status>Ready</Status>
      <CreatedByClientVersion>3.22021.27.0</CreatedByClientVersion>
      <MinClientVersion>3.22021.27.0</MinClientVersion>
      <Tags>{"primaryDeviceWidth":"1366","primaryDeviceHeight":"768","sienaVersion":"20220304T144822Z-3.22021.27.0","deviceCapabilities":"webcam","supportsPortrait":"false","supportsLandscape":"true","primaryFormFactor":"Tablet","publisherVersion":"3.22021.27","minimumRequiredApiVersion":"2.2.0","hasComponent":"false","hasUnlockedComponent":"false","isUnifiedRootApp":"false"}</Tags>
      <IsCdsUpgraded>0</IsCdsUpgraded>
      <GalleryItemId xsi:nil="true"></GalleryItemId>
      <BackgroundColor>rgba(175, 229, 178, 1)</BackgroundColor>
      <DisplayName>Estimator Pro</DisplayName>
      <Description>View the location and details of your customer appointments, build project estimates, and send the details to customers all within a single app.</Description>
      <CommitMessage xsi:nil="true"></CommitMessage>
      <Publisher xsi:nil="true"></Publisher>
      <AuthorizationReferences>[]</AuthorizationReferences>
      <ConnectionReferences>{"9c575f4f-06d3-d9f1-be8e-d81160319b98":{"id":"/providers/microsoft.powerapps/apis/shared_office365users","displayName":"Office 365 ユーザー","iconUri":"https://connectoricons-prod.azureedge.net/releases/v1.0.1551/1.0.1551.2693/office365users/icon.png","dataSources":["Office365Users"],"dependencies":[],"dependents":[],"parameterHints":{},"parameterHintsV2":{},"isOnPremiseConnection":false,"dataSets":{},"apiTier":"Standard","actions":["SearchUser","MyProfile"]},"e2afc14c-3103-4ccb-a909-38cc84737466":{"id":"/providers/microsoft.powerapps/apis/shared_office365","displayName":"Office 365 Outlook","iconUri":"https://connectoricons-prod.azureedge.net/releases/v1.0.1538/1.0.1538.2621/office365/icon.png","dataSources":["Office365"],"dependencies":[],"dependents":[],"parameterHints":{},"parameterHintsV2":{},"isOnPremiseConnection":false,"dataSets":{},"apiTier":"Standard","actions":["CalendarGetTables","GetEventsCalendarViewV3","SendEmailV2"]}}</ConnectionReferences>
      <DatabaseReferences>{}</DatabaseReferences>
      <AppComponents>[]</AppComponents>
      <AppComponentDependencies>[]</AppComponentDependencies>
      <CanConsumeAppPass>1</CanConsumeAppPass>
      <CanvasAppType>0</CanvasAppType>
      <BypassConsent>0</BypassConsent>
      <AdminControlBypassConsent>0</AdminControlBypassConsent>
      <EmbeddedApp xsi:nil="true"></EmbeddedApp>
      <IntroducedVersion>1.0</IntroducedVersion>
      <CdsDependencies>{"cdsdependencies":[]}</CdsDependencies>
      <IsCustomizable>1</IsCustomizable>
      <BackgroundImageUri>/CanvasApps/ms_estimatorpro_23159_BackgroundImageUri</BackgroundImageUri>
      <DocumentUri>/CanvasApps/ms_estimatorpro_23159_DocumentUri.msapp</DocumentUri>
    </CanvasApp>
    <CanvasApp>
      <Name>ms_employeeengagementsurvey_eac92</Name>
      <AppVersion>2022-03-04T14:49:31Z</AppVersion>
      <Status>Ready</Status>
      <CreatedByClientVersion>3.22021.27.0</CreatedByClientVersion>
      <MinClientVersion>3.22021.27.0</MinClientVersion>
      <Tags>{"primaryDeviceWidth":"640","primaryDeviceHeight":"1136","sienaVersion":"20220304T144931Z-3.22021.27.0","deviceCapabilities":"","supportsPortrait":"true","supportsLandscape":"false","primaryFormFactor":"Phone","publisherVersion":"3.22021.27","minimumRequiredApiVersion":"2.2.0","hasComponent":"false","hasUnlockedComponent":"false","isUnifiedRootApp":"false"}</Tags>
      <IsCdsUpgraded>0</IsCdsUpgraded>
      <GalleryItemId xsi:nil="true"></GalleryItemId>
      <BackgroundColor>RGBA(0,176,240,1)</BackgroundColor>
      <DisplayName>Employee Engagement Survey</DisplayName>
      <Description xsi:nil="true"></Description>
      <CommitMessage xsi:nil="true"></CommitMessage>
      <Publisher xsi:nil="true"></Publisher>
      <AuthorizationReferences>[]</AuthorizationReferences>
      <ConnectionReferences>{"9da665bc-4fa8-4231-986c-8ffb29218aa3":{"id":"/providers/microsoft.powerapps/apis/shared_excel","displayName":"Excel","iconUri":"https://connectoricons-prod.azureedge.net/releases/v1.0.1542/1.0.1542.2635/excel/icon.png","dataSources":["Questions","Options","Responses","WelcomeNote"],"dependencies":["2ee94959-2e33-483c-a2dd-596c944dab84"],"dependents":[],"parameterHints":{"2ee94959-2e33-483c-a2dd-596c944dab84":{"value":"fileSource"}},"parameterHintsV2":{"fileSource":{"value":"2ee94959-2e33-483c-a2dd-596c944dab84"}},"isOnPremiseConnection":false,"dataSets":{"b!vLYjHDZzlEiDLqi7kgwoACAmsWP-Ah1GvOqItSX0VuEhj1ang-lGTIECMr5CeKm8.01TXO5JQQDJ4JPUM2YTJAZXUX3SFCHUUBH":{"dataSources":{"Questions":{"tableName":"Questions"},"Options":{"tableName":"Options"},"Responses":{"tableName":"Responses"},"WelcomeNote":{"tableName":"WelcomeNote"}}}},"apiTier":"Standard","actions":["providers/PowerPlatform.Governance/Operations/Read"]},"2ee94959-2e33-483c-a2dd-596c944dab84":{"id":"/providers/microsoft.powerapps/apis/shared_onedriveforbusiness","displayName":"OneDrive for Business","iconUri":"https://connectoricons-prod.azureedge.net/releases/v1.0.1546/1.0.1546.2665/onedriveforbusiness/icon.png","dataSources":[],"dependencies":[],"dependents":["9da665bc-4fa8-4231-986c-8ffb29218aa3"],"parameterHints":{},"parameterHintsV2":{},"isOnPremiseConnection":false,"dataSets":{},"apiTier":"Standard"}}</ConnectionReferences>
      <DatabaseReferences>{}</DatabaseReferences>
      <AppComponents>[]</AppComponents>
      <AppComponentDependencies>[]</AppComponentDependencies>
      <CanConsumeAppPass>1</CanConsumeAppPass>
      <CanvasAppType>0</CanvasAppType>
      <BypassConsent>0</BypassConsent>
      <AdminControlBypassConsent>0</AdminControlBypassConsent>
      <EmbeddedApp xsi:nil="true"></EmbeddedApp>
      <IntroducedVersion>1.0</IntroducedVersion>
      <CdsDependencies>{"cdsdependencies":[]}</CdsDependencies>
      <IsCustomizable>1</IsCustomizable>
      <BackgroundImageUri>/CanvasApps/ms_employeeengagementsurvey_eac92_BackgroundImageUri</BackgroundImageUri>
      <DocumentUri>/CanvasApps/ms_employeeengagementsurvey_eac92_DocumentUri.msapp</DocumentUri>
    </CanvasApp>
    <CanvasApp>
      <Name>ms_shoutoutstablet_e9561</Name>
      <AppVersion>2022-03-04T14:35:25Z</AppVersion>
      <Status>Ready</Status>
      <CreatedByClientVersion>3.22021.27.0</CreatedByClientVersion>
      <MinClientVersion>3.22021.27.0</MinClientVersion>
      <Tags>{"primaryDeviceWidth":"1366","primaryDeviceHeight":"768","sienaVersion":"20220304T143525Z-3.22021.27.0","deviceCapabilities":"","supportsPortrait":"false","supportsLandscape":"true","primaryFormFactor":"Tablet","publisherVersion":"3.22021.27","minimumRequiredApiVersion":"2.2.0","hasComponent":"false","hasUnlockedComponent":"false","isUnifiedRootApp":"false"}</Tags>
      <IsCdsUpgraded>0</IsCdsUpgraded>
      <GalleryItemId xsi:nil="true"></GalleryItemId>
      <BackgroundColor>rgba(0, 123, 182, 1)</BackgroundColor>
      <DisplayName>Shoutouts - Tablet</DisplayName>
      <Description>This fun app encourages coworkers to share job-related compliments including automated email notifications sent to recipients' managers</Description>
      <CommitMessage xsi:nil="true"></CommitMessage>
      <Publisher xsi:nil="true"></Publisher>
      <AuthorizationReferences>[]</AuthorizationReferences>
      <ConnectionReferences>{"16968ad3-ece8-4f2a-a423-ec693b781a48":{"id":"/providers/microsoft.powerapps/apis/shared_office365users","displayName":"Office 365 ユーザー","iconUri":"https://connectoricons-prod.azureedge.net/releases/v1.0.1551/1.0.1551.2693/office365users/icon.png","dataSources":["Office365Users"],"dependencies":[],"dependents":[],"parameterHints":{},"parameterHintsV2":{},"isOnPremiseConnection":false,"dataSets":{},"apiTier":"Standard","actions":["MyProfile","RelevantPeople","UserPhotoMetadata","UserPhoto","Manager","SearchUser","UserProfile"]},"e1998dbb-ebc1-4073-82ed-0a0f36f4b1e1":{"id":"/providers/microsoft.powerapps/apis/shared_office365","displayName":"Office 365 Outlook","iconUri":"https://connectoricons-prod.azureedge.net/releases/v1.0.1538/1.0.1538.2621/office365/icon.png","dataSources":["Office365Outlook"],"dependencies":[],"dependents":[],"parameterHints":{},"parameterHintsV2":{},"isOnPremiseConnection":false,"dataSets":{},"apiTier":"Standard","actions":["SendEmailV2"]},"72f6e961-9bf3-47b6-a281-033a0b40e03f":{"id":"/providers/microsoft.powerapps/apis/shared_excel","displayName":"Excel","iconUri":"https://connectoricons-prod.azureedge.net/releases/v1.0.1542/1.0.1542.2635/excel/icon.png","dataSources":["Shoutout"],"dependencies":["1ca79045-bbe7-4c6c-b3cf-4c027bccc026"],"dependents":[],"parameterHints":{"1ca79045-bbe7-4c6c-b3cf-4c027bccc026":{"value":"fileSource"}},"parameterHintsV2":{"fileSource":{"value":"1ca79045-bbe7-4c6c-b3cf-4c027bccc026"}},"isOnPremiseConnection":false,"dataSets":{"b!vLYjHDZzlEiDLqi7kgwoACAmsWP-Ah1GvOqItSX0VuEhj1ang-lGTIECMr5CeKm8.01TXO5JQQLLOKZL627HBAIA7NXUKSGK5WM":{"dataSources":{"Shoutout":{"tableName":"Shoutout"}}}},"apiTier":"Standard","actions":["providers/PowerPlatform.Governance/Operations/Read","providers/PowerPlatform.Governance/Operations/Write","providers/PowerPlatform.Governance/Operations/Delete"]},"1ca79045-bbe7-4c6c-b3cf-4c027bccc026":{"id":"/providers/microsoft.powerapps/apis/shared_onedriveforbusiness","displayName":"OneDrive for Business","iconUri":"https://connectoricons-prod.azureedge.net/releases/v1.0.1546/1.0.1546.2665/onedriveforbusiness/icon.png","dataSources":[],"dependencies":[],"dependents":["72f6e961-9bf3-47b6-a281-033a0b40e03f"],"parameterHints":{},"parameterHintsV2":{},"isOnPremiseConnection":false,"dataSets":{},"apiTier":"Standard"}}</ConnectionReferences>
      <DatabaseReferences>{}</DatabaseReferences>
      <AppComponents>[]</AppComponents>
      <AppComponentDependencies>[]</AppComponentDependencies>
      <CanConsumeAppPass>1</CanConsumeAppPass>
      <CanvasAppType>0</CanvasAppType>
      <BypassConsent>0</BypassConsent>
      <AdminControlBypassConsent>0</AdminControlBypassConsent>
      <EmbeddedApp xsi:nil="true"></EmbeddedApp>
      <IntroducedVersion>1.0</IntroducedVersion>
      <CdsDependencies>{"cdsdependencies":[]}</CdsDependencies>
      <IsCustomizable>1</IsCustomizable>
      <BackgroundImageUri>/CanvasApps/ms_shoutoutstablet_e9561_BackgroundImageUri</BackgroundImageUri>
      <DocumentUri>/CanvasApps/ms_shoutoutstablet_e9561_DocumentUri.msapp</DocumentUri>
    </CanvasApp>
    <CanvasApp>
      <Name>ms_quicktask_0788f</Name>
      <AppVersion>2022-03-04T14:59:15Z</AppVersion>
      <Status>Ready</Status>
      <CreatedByClientVersion>3.22021.27.0</CreatedByClientVersion>
      <MinClientVersion>3.22021.27.0</MinClientVersion>
      <Tags>{"primaryDeviceWidth":"1366","primaryDeviceHeight":"768","sienaVersion":"20220304T145915Z-3.22021.27.0","deviceCapabilities":"","supportsPortrait":"false","supportsLandscape":"true","primaryFormFactor":"Tablet","publisherVersion":"3.22021.27","minimumRequiredApiVersion":"2.2.0","hasComponent":"false","hasUnlockedComponent":"false","isUnifiedRootApp":"false"}</Tags>
      <IsCdsUpgraded>0</IsCdsUpgraded>
      <GalleryItemId xsi:nil="true"></GalleryItemId>
      <BackgroundColor>RGBA(0,176,240,1)</BackgroundColor>
      <DisplayName>QuickTask</DisplayName>
      <Description>Triage your Outlook emails quickly into plans in Planner. Watch a distribution list and assign tasks - perfect for a service desk or customer inbox.</Description>
      <CommitMessage xsi:nil="true"></CommitMessage>
      <Publisher xsi:nil="true"></Publisher>
      <AuthorizationReferences>[]</AuthorizationReferences>
      <ConnectionReferences>{"94c05aa7-14ce-4c06-8887-226bee80a740":{"id":"/providers/microsoft.powerapps/apis/shared_planner","displayName":"Planner","iconUri":"https://connectoricons-prod.azureedge.net/releases/v1.0.1513/1.0.1513.2549/planner/icon.png","dataSources":["Planner"],"dependencies":[],"dependents":[],"parameterHints":{},"parameterHintsV2":{},"isOnPremiseConnection":false,"dataSets":{},"apiTier":"Standard","actions":["ListMyPlansV2","UpdateTaskDetails","CreateTask","ListBuckets","CreateBucket"]},"3200487e-5437-4911-9b26-3a59da586094":{"id":"/providers/microsoft.powerapps/apis/shared_office365","displayName":"Office 365 Outlook","iconUri":"https://connectoricons-prod.azureedge.net/releases/v1.0.1538/1.0.1538.2621/office365/icon.png","dataSources":["Office365"],"dependencies":[],"dependents":[],"parameterHints":{},"parameterHintsV2":{},"isOnPremiseConnection":false,"dataSets":{},"apiTier":"Standard","actions":["GetEmails","DeleteEmail","ReplyTo"]},"219f5f9a-bf95-462e-a9b2-234f0d6359b1":{"id":"/providers/microsoft.powerapps/apis/shared_office365users","displayName":"Office 365 ユーザー","iconUri":"https://connectoricons-prod.azureedge.net/releases/v1.0.1551/1.0.1551.2693/office365users/icon.png","dataSources":["Office365Users"],"dependencies":[],"dependents":[],"parameterHints":{},"parameterHintsV2":{},"isOnPremiseConnection":false,"dataSets":{},"apiTier":"Standard","actions":["MyProfile","UserProfileV2","UserPhotoMetadata","UserPhoto","SearchUser"]}}</ConnectionReferences>
      <DatabaseReferences>{}</DatabaseReferences>
      <AppComponents>[]</AppComponents>
      <AppComponentDependencies>[]</AppComponentDependencies>
      <CanConsumeAppPass>1</CanConsumeAppPass>
      <CanvasAppType>0</CanvasAppType>
      <BypassConsent>0</BypassConsent>
      <AdminControlBypassConsent>0</AdminControlBypassConsent>
      <EmbeddedApp xsi:nil="true"></EmbeddedApp>
      <IntroducedVersion>1.0</IntroducedVersion>
      <CdsDependencies>{"cdsdependencies":[]}</CdsDependencies>
      <IsCustomizable>1</IsCustomizable>
      <BackgroundImageUri>/CanvasApps/ms_quicktask_0788f_BackgroundImageUri</BackgroundImageUri>
      <DocumentUri>/CanvasApps/ms_quicktask_0788f_DocumentUri.msapp</DocumentUri>
    </CanvasApp>
    <CanvasApp>
      <Name>ms_interviewtool_efe36</Name>
      <AppVersion>2022-03-04T14:46:42Z</AppVersion>
      <Status>Ready</Status>
      <CreatedByClientVersion>3.22021.27.0</CreatedByClientVersion>
      <MinClientVersion>3.22021.27.0</MinClientVersion>
      <Tags>{"primaryDeviceWidth":"1024","primaryDeviceHeight":"768","sienaVersion":"20220304T144642Z-3.22021.27.0","deviceCapabilities":"","supportsPortrait":"false","supportsLandscape":"true","primaryFormFactor":"Tablet","publisherVersion":"3.22021.27","minimumRequiredApiVersion":"2.2.0","hasComponent":"false","hasUnlockedComponent":"false","isUnifiedRootApp":"false"}</Tags>
      <IsCdsUpgraded>0</IsCdsUpgraded>
      <GalleryItemId xsi:nil="true"></GalleryItemId>
      <BackgroundColor>RGBA(0,176,240,1)</BackgroundColor>
      <DisplayName>Interview Tool</DisplayName>
      <Description xsi:nil="true"></Description>
      <CommitMessage xsi:nil="true"></CommitMessage>
      <Publisher xsi:nil="true"></Publisher>
      <AuthorizationReferences>[]</AuthorizationReferences>
      <ConnectionReferences>{}</ConnectionReferences>
      <DatabaseReferences>{}</DatabaseReferences>
      <AppComponents>[]</AppComponents>
      <AppComponentDependencies>[]</AppComponentDependencies>
      <CanConsumeAppPass>1</CanConsumeAppPass>
      <CanvasAppType>0</CanvasAppType>
      <BypassConsent>0</BypassConsent>
      <AdminControlBypassConsent>0</AdminControlBypassConsent>
      <EmbeddedApp xsi:nil="true"></EmbeddedApp>
      <IntroducedVersion>1.0</IntroducedVersion>
      <CdsDependencies>{"cdsdependencies":[]}</CdsDependencies>
      <IsCustomizable>1</IsCustomizable>
      <BackgroundImageUri>/CanvasApps/ms_interviewtool_efe36_BackgroundImageUri</BackgroundImageUri>
      <DocumentUri>/CanvasApps/ms_interviewtool_efe36_DocumentUri.msapp</DocumentUri>
    </CanvasApp>
    <CanvasApp>
      <Name>ms_suggestionbox_a2d3c</Name>
      <AppVersion>2022-03-04T15:01:04Z</AppVersion>
      <Status>Ready</Status>
      <CreatedByClientVersion>3.22021.27.0</CreatedByClientVersion>
      <MinClientVersion>3.22021.27.0</MinClientVersion>
      <Tags>{"primaryDeviceWidth":"1366","primaryDeviceHeight":"768","sienaVersion":"20220304T150104Z-3.22021.27.0","deviceCapabilities":"","supportsPortrait":"false","supportsLandscape":"true","primaryFormFactor":"Tablet","publisherVersion":"3.22021.27","minimumRequiredApiVersion":"2.2.0","hasComponent":"false","hasUnlockedComponent":"false","isUnifiedRootApp":"false"}</Tags>
      <IsCdsUpgraded>0</IsCdsUpgraded>
      <GalleryItemId xsi:nil="true"></GalleryItemId>
      <BackgroundColor>RGBA(0,176,240,1)</BackgroundColor>
      <DisplayName>Suggestion Box</DisplayName>
      <Description xsi:nil="true"></Description>
      <CommitMessage xsi:nil="true"></CommitMessage>
      <Publisher xsi:nil="true"></Publisher>
      <AuthorizationReferences>[]</AuthorizationReferences>
      <ConnectionReferences>{}</ConnectionReferences>
      <DatabaseReferences>{}</DatabaseReferences>
      <AppComponents>[]</AppComponents>
      <AppComponentDependencies>[]</AppComponentDependencies>
      <CanConsumeAppPass>1</CanConsumeAppPass>
      <CanvasAppType>0</CanvasAppType>
      <BypassConsent>0</BypassConsent>
      <AdminControlBypassConsent>0</AdminControlBypassConsent>
      <EmbeddedApp xsi:nil="true"></EmbeddedApp>
      <IntroducedVersion>1.0</IntroducedVersion>
      <CdsDependencies>{"cdsdependencies":[]}</CdsDependencies>
      <IsCustomizable>1</IsCustomizable>
      <BackgroundImageUri>/CanvasApps/ms_suggestionbox_a2d3c_BackgroundImageUri</BackgroundImageUri>
      <DocumentUri>/CanvasApps/ms_suggestionbox_a2d3c_DocumentUri.msapp</DocumentUri>
    </CanvasApp>
    <CanvasApp>
      <Name>ms_orgbrowser_b7706</Name>
      <AppVersion>2022-03-04T14:41:59Z</AppVersion>
      <Status>Ready</Status>
      <CreatedByClientVersion>3.22021.27.0</CreatedByClientVersion>
      <MinClientVersion>3.22021.27.0</MinClientVersion>
      <Tags>{"primaryDeviceWidth":"640","primaryDeviceHeight":"1136","sienaVersion":"20220304T144159Z-3.22021.27.0","deviceCapabilities":"","supportsPortrait":"true","supportsLandscape":"false","primaryFormFactor":"Phone","publisherVersion":"3.22021.27","minimumRequiredApiVersion":"2.2.0","hasComponent":"false","hasUnlockedComponent":"false","isUnifiedRootApp":"false"}</Tags>
      <IsCdsUpgraded>0</IsCdsUpgraded>
      <GalleryItemId xsi:nil="true"></GalleryItemId>
      <BackgroundColor>RGBA(0,176,240,1)</BackgroundColor>
      <DisplayName>Org Browser</DisplayName>
      <Description>To extend this app yourself visit https://web.powerapps.com. Browse your organizational directory and get contact information for your coworkers and managers. This app will connect to your Office 365 account.</Description>
      <CommitMessage xsi:nil="true"></CommitMessage>
      <Publisher xsi:nil="true"></Publisher>
      <AuthorizationReferences>[]</AuthorizationReferences>
      <ConnectionReferences>{"672e0718-7bc1-2a7b-d9e2-1589b318c0f5":{"id":"/providers/microsoft.powerapps/apis/shared_office365users","displayName":"Office 365 ユーザー","iconUri":"https://connectoricons-prod.azureedge.net/releases/v1.0.1551/1.0.1551.2693/office365users/icon.png","dataSources":["Office365Users"],"dependencies":[],"dependents":[],"parameterHints":{},"parameterHintsV2":{},"isOnPremiseConnection":false,"dataSets":{},"apiTier":"Standard","actions":["MyProfile","Manager","DirectReports","SearchUser"]}}</ConnectionReferences>
      <DatabaseReferences>{}</DatabaseReferences>
      <AppComponents>[]</AppComponents>
      <AppComponentDependencies>[]</AppComponentDependencies>
      <CanConsumeAppPass>1</CanConsumeAppPass>
      <CanvasAppType>0</CanvasAppType>
      <BypassConsent>0</BypassConsent>
      <AdminControlBypassConsent>0</AdminControlBypassConsent>
      <EmbeddedApp xsi:nil="true"></EmbeddedApp>
      <IntroducedVersion>1.0</IntroducedVersion>
      <CdsDependencies>{"cdsdependencies":[]}</CdsDependencies>
      <IsCustomizable>1</IsCustomizable>
      <BackgroundImageUri>/CanvasApps/ms_orgbrowser_b7706_BackgroundImageUri</BackgroundImageUri>
      <DocumentUri>/CanvasApps/ms_orgbrowser_b7706_DocumentUri.msapp</DocumentUri>
    </CanvasApp>
    <CanvasApp>
      <Name>ms_inventorymanagement_09fdc</Name>
      <AppVersion>2022-03-04T14:50:08Z</AppVersion>
      <Status>Ready</Status>
      <CreatedByClientVersion>3.22021.27.0</CreatedByClientVersion>
      <MinClientVersion>3.22021.27.0</MinClientVersion>
      <Tags>{"primaryDeviceWidth":"1024","primaryDeviceHeight":"768","sienaVersion":"20220304T145008Z-3.22021.27.0","deviceCapabilities":"","supportsPortrait":"false","supportsLandscape":"true","primaryFormFactor":"Tablet","publisherVersion":"3.22021.27","minimumRequiredApiVersion":"2.2.0","hasComponent":"false","hasUnlockedComponent":"false","isUnifiedRootApp":"false"}</Tags>
      <IsCdsUpgraded>0</IsCdsUpgraded>
      <GalleryItemId xsi:nil="true"></GalleryItemId>
      <BackgroundColor>RGBA(0,176,240,1)</BackgroundColor>
      <DisplayName>Inventory Management</DisplayName>
      <Description xsi:nil="true"></Description>
      <CommitMessage xsi:nil="true"></CommitMessage>
      <Publisher xsi:nil="true"></Publisher>
      <AuthorizationReferences>[]</AuthorizationReferences>
      <ConnectionReferences>{}</ConnectionReferences>
      <DatabaseReferences>{}</DatabaseReferences>
      <AppComponents>[]</AppComponents>
      <AppComponentDependencies>[]</AppComponentDependencies>
      <CanConsumeAppPass>1</CanConsumeAppPass>
      <CanvasAppType>0</CanvasAppType>
      <BypassConsent>0</BypassConsent>
      <AdminControlBypassConsent>0</AdminControlBypassConsent>
      <EmbeddedApp xsi:nil="true"></EmbeddedApp>
      <IntroducedVersion>1.0</IntroducedVersion>
      <CdsDependencies>{"cdsdependencies":[]}</CdsDependencies>
      <IsCustomizable>1</IsCustomizable>
      <BackgroundImageUri>/CanvasApps/ms_inventorymanagement_09fdc_BackgroundImageUri</BackgroundImageUri>
      <DocumentUri>/CanvasApps/ms_inventorymanagement_09fdc_DocumentUri.msapp</DocumentUri>
    </CanvasApp>
    <CanvasApp>
      <Name>ms_myexpenses_05dde</Name>
      <AppVersion>2022-03-04T14:37:16Z</AppVersion>
      <Status>Ready</Status>
      <CreatedByClientVersion>3.22021.27.0</CreatedByClientVersion>
      <MinClientVersion>3.22021.27.0</MinClientVersion>
      <Tags>{"primaryDeviceWidth":"640","primaryDeviceHeight":"1136","sienaVersion":"20220304T143716Z-3.22021.27.0","deviceCapabilities":"","supportsPortrait":"true","supportsLandscape":"false","primaryFormFactor":"Phone","publisherVersion":"3.22021.27","minimumRequiredApiVersion":"2.2.0","hasComponent":"false","hasUnlockedComponent":"false","isUnifiedRootApp":"false"}</Tags>
      <IsCdsUpgraded>0</IsCdsUpgraded>
      <GalleryItemId xsi:nil="true"></GalleryItemId>
      <BackgroundColor>RGBA(0,176,240,1)</BackgroundColor>
      <DisplayName>My Expenses</DisplayName>
      <Description xsi:nil="true"></Description>
      <CommitMessage xsi:nil="true"></CommitMessage>
      <Publisher xsi:nil="true"></Publisher>
      <AuthorizationReferences>[]</AuthorizationReferences>
      <ConnectionReferences>{"b1dccf4f-eb88-5ab7-104d-981973feb26f":{"id":"/providers/microsoft.powerapps/apis/shared_sharepointonline","displayName":"SharePoint","iconUri":"https://connectoricons-prod.azureedge.net/releases/v1.0.1554/1.0.1554.2707/sharepointonline/icon.png","dataSources":["Expenses_1"],"dependencies":[],"dependents":[],"parameterHints":{},"parameterHintsV2":{},"isOnPremiseConnection":false,"dataSets":{},"apiTier":"Standard"}}</ConnectionReferences>
      <DatabaseReferences>{}</DatabaseReferences>
      <AppComponents>[]</AppComponents>
      <AppComponentDependencies>[]</AppComponentDependencies>
      <CanConsumeAppPass>1</CanConsumeAppPass>
      <CanvasAppType>0</CanvasAppType>
      <BypassConsent>0</BypassConsent>
      <AdminControlBypassConsent>0</AdminControlBypassConsent>
      <EmbeddedApp xsi:nil="true"></EmbeddedApp>
      <IntroducedVersion>1.0</IntroducedVersion>
      <CdsDependencies>{"cdsdependencies":[]}</CdsDependencies>
      <IsCustomizable>1</IsCustomizable>
      <BackgroundImageUri>/CanvasApps/ms_myexpenses_05dde_BackgroundImageUri</BackgroundImageUri>
      <DocumentUri>/CanvasApps/ms_myexpenses_05dde_DocumentUri.msapp</DocumentUri>
    </CanvasApp>
    <CanvasApp>
      <Name>ms_leaverequesttablet_43cba</Name>
      <AppVersion>2022-03-04T14:33:40Z</AppVersion>
      <Status>Ready</Status>
      <CreatedByClientVersion>3.22021.27.0</CreatedByClientVersion>
      <MinClientVersion>3.22021.27.0</MinClientVersion>
      <Tags>{"primaryDeviceWidth":"1366","primaryDeviceHeight":"768","sienaVersion":"20220304T143340Z-3.22021.27.0","deviceCapabilities":"","supportsPortrait":"false","supportsLandscape":"true","primaryFormFactor":"Tablet","publisherVersion":"3.22021.27","minimumRequiredApiVersion":"2.2.0","hasComponent":"false","hasUnlockedComponent":"false","isUnifiedRootApp":"false"}</Tags>
      <IsCdsUpgraded>0</IsCdsUpgraded>
      <GalleryItemId xsi:nil="true"></GalleryItemId>
      <BackgroundColor>rgba(0, 176, 240, 1)</BackgroundColor>
      <DisplayName>Leave Request - Tablet</DisplayName>
      <Description>Submit a vacation request for manager approval. Select date ranges, add notes and manage your time off.</Description>
      <CommitMessage xsi:nil="true"></CommitMessage>
      <Publisher xsi:nil="true"></Publisher>
      <AuthorizationReferences>[]</AuthorizationReferences>
      <ConnectionReferences>{"6f72918a-7921-fa64-14bf-78187ad1b172":{"id":"/providers/microsoft.powerapps/apis/shared_office365users","displayName":"Office 365 ユーザー","iconUri":"https://connectoricons-prod.azureedge.net/releases/v1.0.1551/1.0.1551.2693/office365users/icon.png","dataSources":["Office365Users"],"dependencies":[],"dependents":[],"parameterHints":{},"parameterHintsV2":{},"isOnPremiseConnection":false,"dataSets":{},"apiTier":"Standard","actions":["MyProfile","Manager","UserPhotoMetadata","UserPhoto","UserProfile","SearchUser"]},"3d08df1a-c8f0-4fc6-8115-bc671ed3b356":{"id":"/providers/microsoft.powerapps/apis/shared_office365","displayName":"Office 365 Outlook","iconUri":"https://connectoricons-prod.azureedge.net/releases/v1.0.1538/1.0.1538.2621/office365/icon.png","dataSources":["Office365Outlook"],"dependencies":[],"dependents":[],"parameterHints":{},"parameterHintsV2":{},"isOnPremiseConnection":false,"dataSets":{},"apiTier":"Standard","actions":["SendEmailV2"]},"9e8c029a-0ad2-483b-b30d-51ef183c5025":{"id":"/providers/microsoft.powerapps/apis/shared_excel","displayName":"Excel","iconUri":"https://connectoricons-prod.azureedge.net/releases/v1.0.1542/1.0.1542.2635/excel/icon.png","dataSources":["Leave","Holidays","Balance"],"dependencies":["88c1ae3b-9820-433e-9e52-e134250c8e0e"],"dependents":[],"parameterHints":{"88c1ae3b-9820-433e-9e52-e134250c8e0e":{"value":"fileSource"}},"parameterHintsV2":{"fileSource":{"value":"88c1ae3b-9820-433e-9e52-e134250c8e0e"}},"isOnPremiseConnection":false,"dataSets":{"b!vLYjHDZzlEiDLqi7kgwoACAmsWP-Ah1GvOqItSX0VuEhj1ang-lGTIECMr5CeKm8.01TXO5JQUT7JNY6TAD6ZG3JLIU5AFDREPP":{"dataSources":{"Leave":{"tableName":"Leave"},"Holidays":{"tableName":"Holidays"},"Balance":{"tableName":"Balance"}}}},"apiTier":"Standard","actions":["providers/PowerPlatform.Governance/Operations/Read","providers/PowerPlatform.Governance/Operations/Write"]},"88c1ae3b-9820-433e-9e52-e134250c8e0e":{"id":"/providers/microsoft.powerapps/apis/shared_onedriveforbusiness","displayName":"OneDrive for Business","iconUri":"https://connectoricons-prod.azureedge.net/releases/v1.0.1546/1.0.1546.2665/onedriveforbusiness/icon.png","dataSources":[],"dependencies":[],"dependents":["9e8c029a-0ad2-483b-b30d-51ef183c5025"],"parameterHints":{},"parameterHintsV2":{},"isOnPremiseConnection":false,"dataSets":{},"apiTier":"Standard"}}</ConnectionReferences>
      <DatabaseReferences>{}</DatabaseReferences>
      <AppComponents>[]</AppComponents>
      <AppComponentDependencies>[]</AppComponentDependencies>
      <CanConsumeAppPass>1</CanConsumeAppPass>
      <CanvasAppType>0</CanvasAppType>
      <BypassConsent>0</BypassConsent>
      <AdminControlBypassConsent>0</AdminControlBypassConsent>
      <EmbeddedApp xsi:nil="true"></EmbeddedApp>
      <IntroducedVersion>1.0</IntroducedVersion>
      <CdsDependencies>{"cdsdependencies":[]}</CdsDependencies>
      <IsCustomizable>1</IsCustomizable>
      <BackgroundImageUri>/CanvasApps/ms_leaverequesttablet_43cba_BackgroundImageUri</BackgroundImageUri>
      <DocumentUri>/CanvasApps/ms_leaverequesttablet_43cba_DocumentUri.msapp</DocumentUri>
    </CanvasApp>
    <CanvasApp>
      <Name>ms_costestimator_e9cfc</Name>
      <AppVersion>2022-03-04T14:52:47Z</AppVersion>
      <Status>Ready</Status>
      <CreatedByClientVersion>3.22021.27.0</CreatedByClientVersion>
      <MinClientVersion>3.22021.27.0</MinClientVersion>
      <Tags>{"primaryDeviceWidth":"640","primaryDeviceHeight":"1136","sienaVersion":"20220304T145247Z-3.22021.27.0","deviceCapabilities":"webcam","supportsPortrait":"true","supportsLandscape":"false","primaryFormFactor":"Phone","publisherVersion":"3.22021.27","minimumRequiredApiVersion":"2.2.0","hasComponent":"false","hasUnlockedComponent":"false","isUnifiedRootApp":"false"}</Tags>
      <IsCdsUpgraded>0</IsCdsUpgraded>
      <GalleryItemId xsi:nil="true"></GalleryItemId>
      <BackgroundColor>RGBA(0,176,240,1)</BackgroundColor>
      <DisplayName>Cost Estimator</DisplayName>
      <Description xsi:nil="true"></Description>
      <CommitMessage xsi:nil="true"></CommitMessage>
      <Publisher xsi:nil="true"></Publisher>
      <AuthorizationReferences>[]</AuthorizationReferences>
      <ConnectionReferences>{"45593e62-d927-4d0b-bdfa-ca65a0f55140":{"id":"/providers/microsoft.powerapps/apis/shared_excel","displayName":"Excel","iconUri":"https://connectoricons-prod.azureedge.net/releases/v1.0.1542/1.0.1542.2635/excel/icon.png","dataSources":["Jobs","Filters","Rooms","Floorings","FlooringSummary","Photo"],"dependencies":["0be2ad1e-32c3-4f8b-ac0c-f9f18042e35b"],"dependents":[],"parameterHints":{"0be2ad1e-32c3-4f8b-ac0c-f9f18042e35b":{"value":"fileSource"}},"parameterHintsV2":{"fileSource":{"value":"0be2ad1e-32c3-4f8b-ac0c-f9f18042e35b"}},"isOnPremiseConnection":false,"dataSets":{"b!vLYjHDZzlEiDLqi7kgwoACAmsWP-Ah1GvOqItSX0VuEhj1ang-lGTIECMr5CeKm8.01TXO5JQSLHZMQSMRGKNFLWYTYBNNIDHR2":{"dataSources":{"Jobs":{"tableName":"Jobs"},"Filters":{"tableName":"Filters"},"Rooms":{"tableName":"Rooms"},"Floorings":{"tableName":"Floorings"},"FlooringSummary":{"tableName":"FlooringSummary"},"Photo":{"tableName":"Photo"}}}},"apiTier":"Standard","actions":["providers/PowerPlatform.Governance/Operations/Read","providers/PowerPlatform.Governance/Operations/Write","providers/PowerPlatform.Governance/Operations/Delete"]},"0be2ad1e-32c3-4f8b-ac0c-f9f18042e35b":{"id":"/providers/microsoft.powerapps/apis/shared_onedriveforbusiness","displayName":"OneDrive for Business","iconUri":"https://connectoricons-prod.azureedge.net/releases/v1.0.1546/1.0.1546.2665/onedriveforbusiness/icon.png","dataSources":[],"dependencies":[],"dependents":["45593e62-d927-4d0b-bdfa-ca65a0f55140"],"parameterHints":{},"parameterHintsV2":{},"isOnPremiseConnection":false,"dataSets":{},"apiTier":"Standard"}}</ConnectionReferences>
      <DatabaseReferences>{}</DatabaseReferences>
      <AppComponents>[]</AppComponents>
      <AppComponentDependencies>[]</AppComponentDependencies>
      <CanConsumeAppPass>1</CanConsumeAppPass>
      <CanvasAppType>0</CanvasAppType>
      <BypassConsent>0</BypassConsent>
      <AdminControlBypassConsent>0</AdminControlBypassConsent>
      <EmbeddedApp xsi:nil="true"></EmbeddedApp>
      <IntroducedVersion>1.0</IntroducedVersion>
      <CdsDependencies>{"cdsdependencies":[]}</CdsDependencies>
      <IsCustomizable>1</IsCustomizable>
      <BackgroundImageUri>/CanvasApps/ms_costestimator_e9cfc_BackgroundImageUri</BackgroundImageUri>
      <DocumentUri>/CanvasApps/ms_costestimator_e9cfc_DocumentUri.msapp</DocumentUri>
    </CanvasApp>
    <CanvasApp>
      <Name>ms_budgettrackertablet_ee723</Name>
      <AppVersion>2022-03-04T14:27:47Z</AppVersion>
      <Status>Ready</Status>
      <CreatedByClientVersion>3.22021.27.0</CreatedByClientVersion>
      <MinClientVersion>3.22021.27.0</MinClientVersion>
      <Tags>{"primaryDeviceWidth":"1024","primaryDeviceHeight":"768","sienaVersion":"20220304T142747Z-3.22021.27.0","deviceCapabilities":"webcam","supportsPortrait":"false","supportsLandscape":"true","primaryFormFactor":"Tablet","publisherVersion":"3.22021.27","minimumRequiredApiVersion":"2.2.0","hasComponent":"false","hasUnlockedComponent":"false","isUnifiedRootApp":"false"}</Tags>
      <IsCdsUpgraded>0</IsCdsUpgraded>
      <GalleryItemId xsi:nil="true"></GalleryItemId>
      <BackgroundColor>rgba(0, 176, 240, 1)</BackgroundColor>
      <DisplayName>Budget Tracker - Tablet</DisplayName>
      <Description xsi:nil="true"></Description>
      <CommitMessage xsi:nil="true"></CommitMessage>
      <Publisher xsi:nil="true"></Publisher>
      <AuthorizationReferences>[]</AuthorizationReferences>
      <ConnectionReferences>{"f39406dc-c872-443a-9b9c-0739c0e9cbcd":{"id":"/providers/microsoft.powerapps/apis/shared_excel","displayName":"Excel","iconUri":"https://connectoricons-prod.azureedge.net/releases/v1.0.1542/1.0.1542.2635/excel/icon.png","dataSources":["Budgets","Expenses","Categories","Receipts","ExpenseByCategory"],"dependencies":["b83c12e7-cc75-434c-8a98-a9bee2c870b1"],"dependents":[],"parameterHints":{"b83c12e7-cc75-434c-8a98-a9bee2c870b1":{"value":"fileSource"}},"parameterHintsV2":{"fileSource":{"value":"b83c12e7-cc75-434c-8a98-a9bee2c870b1"}},"isOnPremiseConnection":false,"dataSets":{"b!vLYjHDZzlEiDLqi7kgwoACAmsWP-Ah1GvOqItSX0VuEhj1ang-lGTIECMr5CeKm8.01TXO5JQS24FUR4OHSX5HJBNWCFHUYTZCY":{"dataSources":{"Budgets":{"tableName":"Budgets"},"Expenses":{"tableName":"Expenses"},"Categories":{"tableName":"Categories"},"Receipts":{"tableName":"Receipts"},"ExpenseByCategory":{"tableName":"ExpenseByCategory"}}}},"apiTier":"Standard","actions":["providers/PowerPlatform.Governance/Operations/Read","providers/PowerPlatform.Governance/Operations/Write","providers/PowerPlatform.Governance/Operations/Delete"]},"b83c12e7-cc75-434c-8a98-a9bee2c870b1":{"id":"/providers/microsoft.powerapps/apis/shared_onedriveforbusiness","displayName":"OneDrive for Business","iconUri":"https://connectoricons-prod.azureedge.net/releases/v1.0.1546/1.0.1546.2665/onedriveforbusiness/icon.png","dataSources":[],"dependencies":[],"dependents":["f39406dc-c872-443a-9b9c-0739c0e9cbcd"],"parameterHints":{},"parameterHintsV2":{},"isOnPremiseConnection":false,"dataSets":{},"apiTier":"Standard"}}</ConnectionReferences>
      <DatabaseReferences>{}</DatabaseReferences>
      <AppComponents>[]</AppComponents>
      <AppComponentDependencies>[]</AppComponentDependencies>
      <CanConsumeAppPass>1</CanConsumeAppPass>
      <CanvasAppType>0</CanvasAppType>
      <BypassConsent>0</BypassConsent>
      <AdminControlBypassConsent>0</AdminControlBypassConsent>
      <EmbeddedApp xsi:nil="true"></EmbeddedApp>
      <IntroducedVersion>1.0</IntroducedVersion>
      <CdsDependencies>{"cdsdependencies":[]}</CdsDependencies>
      <IsCustomizable>1</IsCustomizable>
      <BackgroundImageUri>/CanvasApps/ms_budgettrackertablet_ee723_BackgroundImageUri</BackgroundImageUri>
      <DocumentUri>/CanvasApps/ms_budgettrackertablet_ee723_DocumentUri.msapp</DocumentUri>
    </CanvasApp>
    <CanvasApp>
      <Name>ms_companypulse_91cda</Name>
      <AppVersion>2022-03-04T14:55:57Z</AppVersion>
      <Status>Ready</Status>
      <CreatedByClientVersion>3.22021.27.0</CreatedByClientVersion>
      <MinClientVersion>3.22021.27.0</MinClientVersion>
      <Tags>{"primaryDeviceWidth":"1366","primaryDeviceHeight":"768","sienaVersion":"20220304T145557Z-3.22021.27.0","deviceCapabilities":"location","supportsPortrait":"false","supportsLandscape":"true","primaryFormFactor":"Tablet","publisherVersion":"3.22021.27","minimumRequiredApiVersion":"2.2.0","hasComponent":"false","hasUnlockedComponent":"false","isUnifiedRootApp":"false"}</Tags>
      <IsCdsUpgraded>0</IsCdsUpgraded>
      <GalleryItemId xsi:nil="true"></GalleryItemId>
      <BackgroundColor>rgba(1, 60, 96, 1)</BackgroundColor>
      <DisplayName>Company Pulse</DisplayName>
      <Description>Browse a feed of custom company news (based in SharePoint) augmented with Twitter, Yammer and trending relevant documents.</Description>
      <CommitMessage xsi:nil="true"></CommitMessage>
      <Publisher xsi:nil="true"></Publisher>
      <AuthorizationReferences>[]</AuthorizationReferences>
      <ConnectionReferences>{"458c559f-a705-284b-d7c1-33ecda92abe3":{"id":"/providers/microsoft.powerapps/apis/shared_msnweather","displayName":"MSN 天気","iconUri":"https://connectoricons-prod.azureedge.net/releases/v1.0.1551/1.0.1551.2693/msnweather/icon.png","dataSources":["MSNWeather"],"dependencies":[],"dependents":[],"parameterHints":{},"parameterHintsV2":{},"isOnPremiseConnection":false,"dataSets":{},"apiTier":"Standard","actions":["CurrentWeather"]},"f5b47db0-8644-b971-08d1-05ff04ab7ac3":{"id":"/providers/microsoft.powerapps/apis/shared_yammer","displayName":"Yammer","iconUri":"https://connectoricons-prod.azureedge.net/releases/v1.0.1542/1.0.1542.2635/yammer/icon.png","dataSources":["Yammer"],"dependencies":[],"dependents":[],"parameterHints":{},"parameterHintsV2":{},"isOnPremiseConnection":false,"dataSets":{},"apiTier":"Standard","actions":["GetAllMessages"]},"65578e39-1ccf-bc0d-260f-2f139656ac00":{"id":"/providers/microsoft.powerapps/apis/shared_twitter","displayName":"Twitter","iconUri":"https://connectoricons-prod.azureedge.net/releases/v1.0.1550/1.0.1550.2686/twitter/icon.png","dataSources":["Twitter"],"dependencies":[],"dependents":[],"parameterHints":{},"parameterHintsV2":{},"isOnPremiseConnection":false,"dataSets":{},"apiTier":"Standard","actions":["UserTimeline"]},"3047414d-f9c5-4ea0-bd6d-a814131b0623":{"id":"/providers/microsoft.powerapps/apis/shared_office365users","displayName":"Office 365 ユーザー","iconUri":"https://connectoricons-prod.azureedge.net/releases/v1.0.1551/1.0.1551.2693/office365users/icon.png","dataSources":["Office365Users"],"dependencies":[],"dependents":[],"parameterHints":{},"parameterHintsV2":{},"isOnPremiseConnection":false,"dataSets":{},"apiTier":"Standard","actions":["MyProfile","MyTrendingDocuments"]},"9cf82e32-03b5-4659-bce0-20dc954e2138":{"id":"/providers/microsoft.powerapps/apis/shared_office365","displayName":"Office 365 Outlook","iconUri":"https://connectoricons-prod.azureedge.net/releases/v1.0.1538/1.0.1538.2621/office365/icon.png","dataSources":["Office365"],"dependencies":[],"dependents":[],"parameterHints":{},"parameterHintsV2":{},"isOnPremiseConnection":false,"dataSets":{},"apiTier":"Standard","actions":["GetEmailsV3"]}}</ConnectionReferences>
      <DatabaseReferences>{}</DatabaseReferences>
      <AppComponents>[]</AppComponents>
      <AppComponentDependencies>[]</AppComponentDependencies>
      <CanConsumeAppPass>1</CanConsumeAppPass>
      <CanvasAppType>0</CanvasAppType>
      <BypassConsent>0</BypassConsent>
      <AdminControlBypassConsent>0</AdminControlBypassConsent>
      <EmbeddedApp xsi:nil="true"></EmbeddedApp>
      <IntroducedVersion>1.0</IntroducedVersion>
      <CdsDependencies>{"cdsdependencies":[]}</CdsDependencies>
      <IsCustomizable>1</IsCustomizable>
      <BackgroundImageUri>/CanvasApps/ms_companypulse_91cda_BackgroundImageUri</BackgroundImageUri>
      <DocumentUri>/CanvasApps/ms_companypulse_91cda_DocumentUri.msapp</DocumentUri>
    </CanvasApp>
    <CanvasApp>
      <Name>ms_helpdesk_77a9e</Name>
      <AppVersion>2022-03-04T14:25:44Z</AppVersion>
      <Status>Ready</Status>
      <CreatedByClientVersion>3.22021.27.0</CreatedByClientVersion>
      <MinClientVersion>3.22021.27.0</MinClientVersion>
      <Tags>{"primaryDeviceWidth":"640","primaryDeviceHeight":"1136","sienaVersion":"20220304T142544Z-3.22021.27.0","deviceCapabilities":"","supportsPortrait":"true","supportsLandscape":"false","primaryFormFactor":"Phone","publisherVersion":"3.22021.27","minimumRequiredApiVersion":"2.2.0","hasComponent":"false","hasUnlockedComponent":"false","isUnifiedRootApp":"false"}</Tags>
      <IsCdsUpgraded>0</IsCdsUpgraded>
      <GalleryItemId xsi:nil="true"></GalleryItemId>
      <BackgroundColor>RGBA(0,176,240,1)</BackgroundColor>
      <DisplayName>Help Desk</DisplayName>
      <Description xsi:nil="true"></Description>
      <CommitMessage xsi:nil="true"></CommitMessage>
      <Publisher xsi:nil="true"></Publisher>
      <AuthorizationReferences>[]</AuthorizationReferences>
      <ConnectionReferences>{"ff18bc1f-8075-4e48-b5f1-63a22b275810":{"id":"/providers/microsoft.powerapps/apis/shared_office365users","displayName":"Office 365 ユーザー","iconUri":"https://connectoricons-prod.azureedge.net/releases/v1.0.1551/1.0.1551.2693/office365users/icon.png","dataSources":["Office365Users"],"dependencies":[],"dependents":[],"parameterHints":{},"parameterHintsV2":{},"isOnPremiseConnection":false,"dataSets":{},"apiTier":"Standard","actions":["MyProfile","SearchUser"]}}</ConnectionReferences>
      <DatabaseReferences>{}</DatabaseReferences>
      <AppComponents>[]</AppComponents>
      <AppComponentDependencies>[]</AppComponentDependencies>
      <CanConsumeAppPass>1</CanConsumeAppPass>
      <CanvasAppType>0</CanvasAppType>
      <BypassConsent>0</BypassConsent>
      <AdminControlBypassConsent>0</AdminControlBypassConsent>
      <EmbeddedApp xsi:nil="true"></EmbeddedApp>
      <IntroducedVersion>1.0</IntroducedVersion>
      <CdsDependencies>{"cdsdependencies":[]}</CdsDependencies>
      <IsCustomizable>1</IsCustomizable>
      <BackgroundImageUri>/CanvasApps/ms_helpdesk_77a9e_BackgroundImageUri</BackgroundImageUri>
      <DocumentUri>/CanvasApps/ms_helpdesk_77a9e_DocumentUri.msapp</DocumentUri>
    </CanvasApp>
    <CanvasApp>
      <Name>ms_outofoffice_73c21</Name>
      <AppVersion>2022-03-04T14:56:50Z</AppVersion>
      <Status>Ready</Status>
      <CreatedByClientVersion>3.22021.27.0</CreatedByClientVersion>
      <MinClientVersion>3.22021.27.0</MinClientVersion>
      <Tags>{"primaryDeviceWidth":"1366","primaryDeviceHeight":"768","sienaVersion":"20220304T145650Z-3.22021.27.0","deviceCapabilities":"","supportsPortrait":"false","supportsLandscape":"true","primaryFormFactor":"Tablet","publisherVersion":"3.22021.27","minimumRequiredApiVersion":"2.2.0","hasComponent":"false","hasUnlockedComponent":"false","isUnifiedRootApp":"false"}</Tags>
      <IsCdsUpgraded>0</IsCdsUpgraded>
      <GalleryItemId xsi:nil="true"></GalleryItemId>
      <BackgroundColor>RGBA(0,176,240,1)</BackgroundColor>
      <DisplayName>Out of Office</DisplayName>
      <Description>Set your out-of-office message and date ranges, and optionally clear your calendar for the duration of your absence.</Description>
      <CommitMessage xsi:nil="true"></CommitMessage>
      <Publisher xsi:nil="true"></Publisher>
      <AuthorizationReferences>[]</AuthorizationReferences>
      <ConnectionReferences>{"459cd851-78e0-f8f3-e617-061f21d71d7a":{"id":"/providers/microsoft.powerapps/apis/shared_office365","displayName":"Office 365 Outlook","iconUri":"https://connectoricons-prod.azureedge.net/releases/v1.0.1538/1.0.1538.2621/office365/icon.png","dataSources":["Office365"],"dependencies":[],"dependents":[],"parameterHints":{},"parameterHintsV2":{},"isOnPremiseConnection":false,"dataSets":{},"apiTier":"Standard","actions":["CalendarGetTables","GetEventsCalendarViewV2","SetAutomaticRepliesSetting","V2CalendarPostItem","V2CalendarPatchItem","CalendarDeleteItem"]},"964958bd-c6ac-43f7-adc9-5f432a9fe379":{"id":"/providers/microsoft.powerapps/apis/shared_office365users","displayName":"Office 365 ユーザー","iconUri":"https://connectoricons-prod.azureedge.net/releases/v1.0.1551/1.0.1551.2693/office365users/icon.png","dataSources":["Office365Users"],"dependencies":[],"dependents":[],"parameterHints":{},"parameterHintsV2":{},"isOnPremiseConnection":false,"dataSets":{},"apiTier":"Standard","actions":["MyProfile","RelevantPeople","SearchUser"]}}</ConnectionReferences>
      <DatabaseReferences>{}</DatabaseReferences>
      <AppComponents>[]</AppComponents>
      <AppComponentDependencies>[]</AppComponentDependencies>
      <CanConsumeAppPass>1</CanConsumeAppPass>
      <CanvasAppType>0</CanvasAppType>
      <BypassConsent>0</BypassConsent>
      <AdminControlBypassConsent>0</AdminControlBypassConsent>
      <EmbeddedApp xsi:nil="true"></EmbeddedApp>
      <IntroducedVersion>1.0</IntroducedVersion>
      <CdsDependencies>{"cdsdependencies":[]}</CdsDependencies>
      <IsCustomizable>1</IsCustomizable>
      <BackgroundImageUri>/CanvasApps/ms_outofoffice_73c21_BackgroundImageUri</BackgroundImageUri>
      <DocumentUri>/CanvasApps/ms_outofoffice_73c21_DocumentUri.msapp</DocumentUri>
    </CanvasApp>
    <CanvasApp>
      <Name>ms_onboardingtasks_31675</Name>
      <AppVersion>2022-03-04T14:23:37Z</AppVersion>
      <Status>Ready</Status>
      <CreatedByClientVersion>3.22021.27.0</CreatedByClientVersion>
      <MinClientVersion>3.22021.27.0</MinClientVersion>
      <Tags>{"primaryDeviceWidth":"1366","primaryDeviceHeight":"768","sienaVersion":"20220304T142337Z-3.22021.27.0","deviceCapabilities":"","supportsPortrait":"false","supportsLandscape":"true","primaryFormFactor":"Tablet","publisherVersion":"3.22021.27","minimumRequiredApiVersion":"2.2.0","hasComponent":"false","hasUnlockedComponent":"false","isUnifiedRootApp":"false"}</Tags>
      <IsCdsUpgraded>0</IsCdsUpgraded>
      <GalleryItemId xsi:nil="true"></GalleryItemId>
      <BackgroundColor>rgba(0, 138, 0, 1)</BackgroundColor>
      <DisplayName>Onboarding Tasks</DisplayName>
      <Description>Allows new team members to update their Office 365 user profile, view an onboarding checklist, see their team and access links to team content.</Description>
      <CommitMessage xsi:nil="true"></CommitMessage>
      <Publisher xsi:nil="true"></Publisher>
      <AuthorizationReferences>[]</AuthorizationReferences>
      <ConnectionReferences>{"37a5ec9e-a1ba-27e5-3d4e-73ffa46c2543":{"id":"/providers/microsoft.powerapps/apis/shared_outlooktasks","displayName":"Outlook タスク","iconUri":"https://connectoricons-prod.azureedge.net/releases/v1.0.1445/1.0.1445.2347/outlooktasks/icon.png","dataSources":["OutlookTasks"],"dependencies":[],"dependents":[],"parameterHints":{},"parameterHintsV2":{},"isOnPremiseConnection":false,"dataSets":{},"apiTier":"Standard","actions":["GetTaskGroups","GetTaskFolders","CreateTaskFolder","GetTasksByFolder","CreateTask","IncompleteTask","CompleteTask"]},"9de17116-98f2-8e4f-f89b-97730c16f0d5":{"id":"/providers/microsoft.powerapps/apis/shared_office365","displayName":"Office 365 Outlook","iconUri":"https://connectoricons-prod.azureedge.net/releases/v1.0.1538/1.0.1538.2621/office365/icon.png","dataSources":["Office365"],"dependencies":[],"dependents":[],"parameterHints":{},"parameterHintsV2":{},"isOnPremiseConnection":false,"dataSets":{},"apiTier":"Standard","actions":["SendEmail"]},"f537feec-0c98-5a55-7e93-32b7072534ed":{"id":"/providers/microsoft.powerapps/apis/shared_office365users","displayName":"Office 365 ユーザー","iconUri":"https://connectoricons-prod.azureedge.net/releases/v1.0.1551/1.0.1551.2693/office365users/icon.png","dataSources":["Office365Users"],"dependencies":[],"dependents":[],"parameterHints":{},"parameterHintsV2":{},"isOnPremiseConnection":false,"dataSets":{},"apiTier":"Standard","actions":["MyProfile","UserPhotoMetadata","UserPhoto","DirectReports","Manager","UserProfile","SearchUser","RelevantPeople","UserProfileV2","UpdateMyPhoto","UpdateMyProfile"]},"eff16b04-9ebc-42a0-8e4c-cb96b0f6b4af":{"id":"/providers/microsoft.powerapps/apis/shared_excel","displayName":"Excel","iconUri":"https://connectoricons-prod.azureedge.net/releases/v1.0.1542/1.0.1542.2635/excel/icon.png","dataSources":["Administrators","Tasks","Resources","Team","TeamLinks","Company","CompanyLinks","LeadershipLinks","Leadership","FAQs","Contacts","ProfileStatus"],"dependencies":["71bf311a-4a0b-4276-ae2a-3c7d3f4c2b70"],"dependents":[],"parameterHints":{"71bf311a-4a0b-4276-ae2a-3c7d3f4c2b70":{"value":"fileSource"}},"parameterHintsV2":{"fileSource":{"value":"71bf311a-4a0b-4276-ae2a-3c7d3f4c2b70"}},"isOnPremiseConnection":false,"dataSets":{"b!vLYjHDZzlEiDLqi7kgwoACAmsWP-Ah1GvOqItSX0VuEhj1ang-lGTIECMr5CeKm8.01TXO5JQRLGQZCHIQWMJBL6P2PDGKMLMXJ":{"dataSources":{"Administrators":{"tableName":"Administrators"},"Tasks":{"tableName":"Tasks"},"Resources":{"tableName":"Resources"},"Team":{"tableName":"Team"},"TeamLinks":{"tableName":"TeamLinks"},"Company":{"tableName":"Company"},"CompanyLinks":{"tableName":"CompanyLinks"},"LeadershipLinks":{"tableName":"LeadershipLinks"},"Leadership":{"tableName":"Leadership"},"FAQs":{"tableName":"FAQs"},"Contacts":{"tableName":"Contacts"},"ProfileStatus":{"tableName":"ProfileStatus"}}}},"apiTier":"Standard","actions":["providers/PowerPlatform.Governance/Operations/Read"]},"71bf311a-4a0b-4276-ae2a-3c7d3f4c2b70":{"id":"/providers/microsoft.powerapps/apis/shared_onedriveforbusiness","displayName":"OneDrive for Business","iconUri":"https://connectoricons-prod.azureedge.net/releases/v1.0.1546/1.0.1546.2665/onedriveforbusiness/icon.png","dataSources":[],"dependencies":[],"dependents":["eff16b04-9ebc-42a0-8e4c-cb96b0f6b4af"],"parameterHints":{},"parameterHintsV2":{},"isOnPremiseConnection":false,"dataSets":{},"apiTier":"Standard"}}</ConnectionReferences>
      <DatabaseReferences>{}</DatabaseReferences>
      <AppComponents>[]</AppComponents>
      <AppComponentDependencies>[]</AppComponentDependencies>
      <CanConsumeAppPass>1</CanConsumeAppPass>
      <CanvasAppType>0</CanvasAppType>
      <BypassConsent>0</BypassConsent>
      <AdminControlBypassConsent>0</AdminControlBypassConsent>
      <EmbeddedApp xsi:nil="true"></EmbeddedApp>
      <IntroducedVersion>1.0</IntroducedVersion>
      <CdsDependencies>{"cdsdependencies":[]}</CdsDependencies>
      <IsCustomizable>1</IsCustomizable>
      <BackgroundImageUri>/CanvasApps/ms_onboardingtasks_31675_BackgroundImageUri</BackgroundImageUri>
      <DocumentUri>/CanvasApps/ms_onboardingtasks_31675_DocumentUri.msapp</DocumentUri>
    </CanvasApp>
  </CanvasApps>
  <Languages>
    <Language>1041</Language>
  </Languages>
</ImportExportXml>