<ImportExportXml version="9.2.22021.128" SolutionPackageVersion="9.2" languagecode="1041" generatedBy="CrmLive" xmlns:xsi="http://www.w3.org/2001/XMLSchema-instance">
  <SolutionManifest>
    <UniqueName>MSSampleApps</UniqueName>
    <LocalizedNames>
      <LocalizedName description="MSSampleApps" languagecode="1041" />
    </LocalizedNames>
    <Descriptions />
    <Version>1.0.0.0</Version>
    <Managed>0</Managed>
    <Publisher>
      <UniqueName>MS</UniqueName>
      <LocalizedNames>
        <LocalizedName description="MS" languagecode="1041" />
      </LocalizedNames>
      <Descriptions />
      <EMailAddress xsi:nil="true"></EMailAddress>
      <SupportingWebsiteUrl xsi:nil="true"></SupportingWebsiteUrl>
      <CustomizationPrefix>ms</CustomizationPrefix>
      <CustomizationOptionValuePrefix>12470</CustomizationOptionValuePrefix>
      <Addresses>
        <Address>
          <AddressNumber>1</AddressNumber>
          <AddressTypeCode>1</AddressTypeCode>
          <City xsi:nil="true"></City>
          <County xsi:nil="true"></County>
          <Country xsi:nil="true"></Country>
          <Fax xsi:nil="true"></Fax>
          <FreightTermsCode xsi:nil="true"></FreightTermsCode>
          <ImportSequenceNumber xsi:nil="true"></ImportSequenceNumber>
          <Latitude xsi:nil="true"></Latitude>
          <Line1 xsi:nil="true"></Line1>
          <Line2 xsi:nil="true"></Line2>
          <Line3 xsi:nil="true"></Line3>
          <Longitude xsi:nil="true"></Longitude>
          <Name xsi:nil="true"></Name>
          <PostalCode xsi:nil="true"></PostalCode>
          <PostOfficeBox xsi:nil="true"></PostOfficeBox>
          <PrimaryContactName xsi:nil="true"></PrimaryContactName>
          <ShippingMethodCode>1</ShippingMethodCode>
          <StateOrProvince xsi:nil="true"></StateOrProvince>
          <Telephone1 xsi:nil="true"></Telephone1>
          <Telephone2 xsi:nil="true"></Telephone2>
          <Telephone3 xsi:nil="true"></Telephone3>
          <TimeZoneRuleVersionNumber xsi:nil="true"></TimeZoneRuleVersionNumber>
          <UPSZone xsi:nil="true"></UPSZone>
          <UTCOffset xsi:nil="true"></UTCOffset>
          <UTCConversionTimeZoneCode xsi:nil="true"></UTCConversionTimeZoneCode>
        </Address>
        <Address>
          <AddressNumber>2</AddressNumber>
          <AddressTypeCode>1</AddressTypeCode>
          <City xsi:nil="true"></City>
          <County xsi:nil="true"></County>
          <Country xsi:nil="true"></Country>
          <Fax xsi:nil="true"></Fax>
          <FreightTermsCode xsi:nil="true"></FreightTermsCode>
          <ImportSequenceNumber xsi:nil="true"></ImportSequenceNumber>
          <Latitude xsi:nil="true"></Latitude>
          <Line1 xsi:nil="true"></Line1>
          <Line2 xsi:nil="true"></Line2>
          <Line3 xsi:nil="true"></Line3>
          <Longitude xsi:nil="true"></Longitude>
          <Name xsi:nil="true"></Name>
          <PostalCode xsi:nil="true"></PostalCode>
          <PostOfficeBox xsi:nil="true"></PostOfficeBox>
          <PrimaryContactName xsi:nil="true"></PrimaryContactName>
          <ShippingMethodCode>1</ShippingMethodCode>
          <StateOrProvince xsi:nil="true"></StateOrProvince>
          <Telephone1 xsi:nil="true"></Telephone1>
          <Telephone2 xsi:nil="true"></Telephone2>
          <Telephone3 xsi:nil="true"></Telephone3>
          <TimeZoneRuleVersionNumber xsi:nil="true"></TimeZoneRuleVersionNumber>
          <UPSZone xsi:nil="true"></UPSZone>
          <UTCOffset xsi:nil="true"></UTCOffset>
          <UTCConversionTimeZoneCode xsi:nil="true"></UTCConversionTimeZoneCode>
        </Address>
      </Addresses>
    </Publisher>
    <RootComponents>
      <RootComponent type="300" schemaName="ms_assetcheckout_de371" behavior="0" />
      <RootComponent type="300" schemaName="ms_bookaroom_50b58" behavior="0" />
      <RootComponent type="300" schemaName="ms_budgettrackertablet_ee723" behavior="0" />
      <RootComponent type="300" schemaName="ms_companypulse_91cda" behavior="0" />
      <RootComponent type="300" schemaName="ms_contacts_c23c0" behavior="0" />
      <RootComponent type="300" schemaName="ms_costestimator_e9cfc" behavior="0" />
      <RootComponent type="300" schemaName="ms_customerlookupwithcustomerinsights_3f349" behavior="0" />
      <RootComponent type="300" schemaName="ms_customersuccess_b3fd5" behavior="0" />
      <RootComponent type="300" schemaName="ms_employeeengagementsurvey_eac92" behavior="0" />
      <RootComponent type="300" schemaName="ms_estimatorpro_23159" behavior="0" />
      <RootComponent type="300" schemaName="ms_healthplanselector_f5e1f" behavior="0" />
      <RootComponent type="300" schemaName="ms_helpdesk_77a9e" behavior="0" />
      <RootComponent type="300" schemaName="ms_interviewtool_efe36" behavior="0" />
      <RootComponent type="300" schemaName="ms_inventorymanagement_09fdc" behavior="0" />
      <RootComponent type="300" schemaName="ms_leaverequesttablet_43cba" behavior="0" />
      <RootComponent type="300" schemaName="ms_meetingcapture_cc138" behavior="0" />
      <RootComponent type="300" schemaName="ms_myexpenses_05dde" behavior="0" />
      <RootComponent type="300" schemaName="ms_onboardingtasks_31675" behavior="0" />
      <RootComponent type="300" schemaName="ms_orgbrowser_b7706" behavior="0" />
      <RootComponent type="300" schemaName="ms_outofoffice_73c21" behavior="0" />
      <RootComponent type="300" schemaName="ms_pdfreader_289b1" behavior="0" />
      <RootComponent type="300" schemaName="ms_powerappstraining_96109" behavior="0" />
      <RootComponent type="300" schemaName="ms_productshowcase_d1afb" behavior="0" />
      <RootComponent type="300" schemaName="ms_propertymanagement_69985" behavior="0" />
      <RootComponent type="300" schemaName="ms_quicktask_0788f" behavior="0" />
      <RootComponent type="300" schemaName="ms_servicedesktablet_c7dc5" behavior="0" />
      <RootComponent type="300" schemaName="ms_shoutoutstablet_e9561" behavior="0" />
      <RootComponent type="300" schemaName="ms_siteinspection_6c771" behavior="0" />
      <RootComponent type="300" schemaName="ms_suggestionbox_a2d3c" behavior="0" />
      <RootComponent type="300" schemaName="ms_todolist_e5640" behavior="0" />
    </RootComponents>
    <MissingDependencies />
  </SolutionManifest>
</ImportExportXml>