<ImportExportXml xmlns:xsi="http://www.w3.org/2001/XMLSchema-instance">
  <Entities></Entities>
  <Roles></Roles>
  <Workflows></Workflows>
  <FieldSecurityProfiles></FieldSecurityProfiles>
  <Templates />
  <EntityMaps />
  <EntityRelationships />
  <OrganizationSettings />
  <optionsets />
  <CustomControls />
  <AppModules>
    <AppModule>
      <UniqueName>sample_Fundraiser</UniqueName>
      <IntroducedVersion>1.0.0.2</IntroducedVersion>
      <WebResourceId>dbba5bf7-56fe-e711-a82e-000d3a37c8e1</WebResourceId>
      <OptimizedFor></OptimizedFor>
      <statecode>0</statecode>
      <statuscode>1</statuscode>
      <FormFactor>1</FormFactor>
      <ClientType>4</ClientType>
      <NavigationType>0</NavigationType>
      <AppModuleComponents>
        <AppModuleComponent type="62" schemaName="sample_Fundraiser" />
        <AppModuleComponent type="60" id="{260a7ce0-3591-e811-a963-000d3a33eeed}" />
        <AppModuleComponent type="1" schemaName="sample_donation" />
        <AppModuleComponent type="1" schemaName="sample_fundraiser" />
      </AppModuleComponents>
      <AppModuleRoleMaps>
        <Role id="{119f245c-3cc8-4b62-b31c-d1a046ced15d}" />
        <Role id="{627090ff-40a3-4053-8790-584edc5be201}" />
      </AppModuleRoleMaps>
      <LocalizedNames>
        <LocalizedName description="Fundraiser" languagecode="1041" />
      </LocalizedNames>
    </AppModule>
    <AppModule>
      <UniqueName>sample_InnovationHub</UniqueName>
      <IntroducedVersion>1.0.0.0</IntroducedVersion>
      <WebResourceId>e7939e18-8be7-e711-a82e-000d3a37c848</WebResourceId>
      <OptimizedFor></OptimizedFor>
      <statecode>0</statecode>
      <statuscode>1</statuscode>
      <FormFactor>1</FormFactor>
      <ClientType>4</ClientType>
      <NavigationType>0</NavigationType>
      <AppModuleComponents>
        <AppModuleComponent type="62" schemaName="sample_InnovationHub" />
        <AppModuleComponent type="60" id="{1d1048e6-3dec-e711-a82c-000d3a37cc26}" />
        <AppModuleComponent type="1" schemaName="sample_challenge" />
        <AppModuleComponent type="60" id="{62510be2-cd0c-4b54-93e8-1abee85618aa}" />
        <AppModuleComponent type="26" id="{cb1236de-43f1-4bfa-a0f0-7b601f5acd44}" />
        <AppModuleComponent type="59" id="{662e7d7e-3eec-e711-a82c-000d3a37cc26}" />
        <AppModuleComponent type="59" id="{3da487f6-69eb-e711-a82c-000d3a37c8e1}" />
        <AppModuleComponent type="1" schemaName="sharepointdocumentlocation" />
        <AppModuleComponent type="1" schemaName="feedback" />
        <AppModuleComponent type="1" schemaName="sample_idea" />
        <AppModuleComponent type="60" id="{73a34e8d-df56-417e-b3d3-1055888eeebf}" />
        <AppModuleComponent type="1" schemaName="workflow" />
        <AppModuleComponent type="1" schemaName="sharepointsite" />
        <AppModuleComponent type="1" schemaName="solution" />
        <AppModuleComponent type="1" schemaName="sample_teamproject" />
        <AppModuleComponent type="1" schemaName="systemuser" />
      </AppModuleComponents>
      <AppModuleRoleMaps>
        <Role id="{119f245c-3cc8-4b62-b31c-d1a046ced15d}" />
        <Role id="{627090ff-40a3-4053-8790-584edc5be201}" />
      </AppModuleRoleMaps>
      <LocalizedNames>
        <LocalizedName description="Innovation Challenge" languagecode="1041" />
      </LocalizedNames>
      <Descriptions>
        <Description description="Start a company wide innovation challenge. Ideas are submitted, reviewed, voted on, and the best ideas get funded for new projects." languagecode="1041" />
      </Descriptions>
    </AppModule>
    <AppModule>
      <UniqueName>msdyn_AssetCheckout</UniqueName>
      <IntroducedVersion>0.0.0.1</IntroducedVersion>
      <WebResourceId>168ad169-671e-e811-a830-000d3a37c8e1</WebResourceId>
      <OptimizedFor></OptimizedFor>
      <statecode>0</statecode>
      <statuscode>1</statuscode>
      <FormFactor>1</FormFactor>
      <ClientType>4</ClientType>
      <NavigationType>0</NavigationType>
      <AppModuleComponents>
        <AppModuleComponent type="62" schemaName="msdyn_AssetCheckout" />
        <AppModuleComponent type="1" schemaName="sample_product" />
        <AppModuleComponent type="1" schemaName="sample_reservation" />
        <AppModuleComponent type="1" schemaName="sample_review" />
      </AppModuleComponents>
      <AppModuleRoleMaps>
        <Role id="{119f245c-3cc8-4b62-b31c-d1a046ced15d}" />
        <Role id="{627090ff-40a3-4053-8790-584edc5be201}" />
      </AppModuleRoleMaps>
      <LocalizedNames>
        <LocalizedName description="Asset Checkout" languagecode="1041" />
      </LocalizedNames>
      <Descriptions>
        <Description description="Asset checkout provides self-service capabilities to reserve the tools and equipment your teams need to do their jobs, while accurately calculating available inventory and much more." languagecode="1041" />
      </Descriptions>
    </AppModule>
  </AppModules>
  <EntityDataProviders />
  <Languages>
    <Language>1041</Language>
  </Languages>
</ImportExportXml>